Campaign_ID,Platform,Budget,Impressions,Clicks,Engagement,Leads,Conversions,Revenue,Audience,Location,Campaign_Duration_Days,Objective,CTR,Conversion_Rate,CPC,ROI
CAMP_0001,Instagram,8948.19,43842,1370,3624,63,24,81435.73,45-54,Delhi,26,Website Traffic,3.12,1.75,6.53,810.08
CAMP_0002,LinkedIn,24645.78,53830,791,1161,34,27,52729.39,35-44,Bangalore,25,Brand Awareness,1.47,3.41,31.16,113.95
CAMP_0003,Facebook,92881.13,656460,23526,46167,826,328,911356.65,45-54,Mumbai,18,Brand Awareness,3.58,1.39,3.95,881.21
CAMP_0004,Facebook,39780.75,247857,7081,15523,432,241,659739.1,25-34,Chennai,12,Brand Awareness,2.86,3.4,5.62,1558.44
CAMP_0005,Google Ads,14845.49,39613,1698,3657,174,127,279397.43,25-34,Hyderabad,24,Lead Generation,4.29,7.48,8.74,1782.04
CAMP_0006,Google Ads,71728.51,227376,12689,32708,573,224,780229.71,18-24,Coimbatore,11,Brand Awareness,5.58,1.77,5.65,987.75
CAMP_0007,Google Ads,33448.48,111371,5904,9122,431,160,489390.61,55+,Delhi,11,Sales,5.3,2.71,5.67,1363.12
CAMP_0008,YouTube,30541.41,129992,2611,3867,74,38,103732.29,45-54,Delhi,19,Brand Awareness,2.01,1.46,11.7,239.64
CAMP_0009,Facebook,99807.86,608880,18817,30209,929,664,2946979.09,18-24,Hyderabad,19,Website Traffic,3.09,3.53,5.3,2852.65
CAMP_0010,Facebook,86523.2,502800,13573,35649,622,380,1627932.76,55+,Hyderabad,19,Website Traffic,2.7,2.8,6.37,1781.5
CAMP_0011,Google Ads,43754.09,131676,6844,18517,433,242,1050175.71,45-54,Chennai,26,Website Traffic,5.2,3.54,6.39,2300.18
CAMP_0012,LinkedIn,98124.81,206445,4627,9769,296,224,912299.64,35-44,Mumbai,14,Lead Generation,2.24,4.84,21.21,829.73
CAMP_0013,YouTube,66760.76,314035,4530,9070,191,140,254598.29,45-54,Bangalore,15,Sales,1.44,3.09,14.74,281.36
CAMP_0014,Google Ads,75492.13,267209,14561,31577,1025,762,1645854.25,25-34,Delhi,14,Brand Awareness,5.45,5.23,5.18,2080.17
CAMP_0015,Google Ads,7993.74,25095,1611,3522,121,70,121225.76,25-34,Delhi,16,Sales,6.42,4.35,4.96,1416.51
CAMP_0016,Google Ads,16552.5,45347,2776,4088,234,84,373819.89,35-44,Hyderabad,12,Sales,6.12,3.03,5.96,2158.39
CAMP_0017,Instagram,65143.09,435139,16481,37878,526,229,331954.45,18-24,Mumbai,25,Website Traffic,3.79,1.39,3.95,409.58
CAMP_0018,Instagram,90407.28,525684,22943,44137,1335,962,2135103.51,55+,Delhi,21,Website Traffic,4.36,4.19,3.94,2261.65
CAMP_0019,Instagram,64255.65,379436,15855,32151,522,379,612676.21,45-54,Bangalore,4,Website Traffic,4.18,2.39,4.05,853.5
CAMP_0020,Instagram,17732.36,98011,2484,3101,86,72,122719.23,25-34,Hyderabad,6,Lead Generation,2.53,2.9,7.14,592.06
CAMP_0021,Facebook,15997.2,101844,2025,4907,86,38,68001.62,18-24,Bangalore,21,Sales,1.99,1.88,7.9,325.08
CAMP_0022,Google Ads,85197.66,258962,15081,38256,1385,570,1825604.23,35-44,Mumbai,9,Sales,5.82,3.78,5.65,2042.79
CAMP_0023,Instagram,18233.72,108622,2629,5760,104,44,51646.22,25-34,Delhi,28,Lead Generation,2.42,1.67,6.94,183.25
CAMP_0024,Instagram,54422.04,290797,6079,14577,275,122,361255.12,35-44,Coimbatore,17,Lead Generation,2.09,2.01,8.95,563.8
CAMP_0025,Instagram,8525.77,49220,1665,3390,65,40,153977.22,45-54,Delhi,17,Lead Generation,3.38,2.4,5.12,1706.02
CAMP_0026,YouTube,12663.63,62026,1435,3142,66,55,201271.71,55+,Mumbai,26,Sales,2.31,3.83,8.82,1489.37
CAMP_0027,Google Ads,68873.09,236681,17027,31182,1257,810,1169816.67,25-34,Delhi,8,Sales,7.19,4.76,4.04,1598.51
CAMP_0028,Instagram,70472.23,423834,15439,38088,399,244,1023100.36,25-34,Delhi,5,Website Traffic,3.64,1.58,4.56,1351.78
CAMP_0029,Facebook,37439.59,214836,8094,15777,611,420,1542376.66,45-54,Chennai,8,Website Traffic,3.77,5.19,4.63,4019.64
CAMP_0030,Google Ads,25482.93,89654,5247,12007,353,137,125915.2,18-24,Delhi,18,Sales,5.85,2.61,4.86,394.12
CAMP_0031,Facebook,82302.48,541726,12066,26476,616,467,1659972.55,55+,Delhi,4,Website Traffic,2.23,3.87,6.82,1916.92
CAMP_0032,Google Ads,25624.81,82035,5180,12037,329,222,789147.41,25-34,Bangalore,30,Lead Generation,6.31,4.29,4.95,2979.62
CAMP_0033,Google Ads,56492.57,182483,12447,30574,1114,485,1303940.88,55+,Coimbatore,9,Brand Awareness,6.82,3.9,4.54,2208.16
CAMP_0034,LinkedIn,96979.84,212780,4100,8283,180,120,127864.4,25-34,Bangalore,13,Website Traffic,1.93,2.93,23.65,31.85
CAMP_0035,LinkedIn,19045.98,40744,925,2313,78,51,152370.73,55+,Bangalore,28,Sales,2.27,5.51,20.59,700.02
CAMP_0036,YouTube,94383.25,416367,8550,17062,266,102,372982.21,35-44,Hyderabad,9,Website Traffic,2.05,1.19,11.04,295.18
CAMP_0037,Instagram,22374.84,137114,4819,13159,280,135,253144.79,25-34,Chennai,6,Website Traffic,3.51,2.8,4.64,1031.38
CAMP_0038,Google Ads,58907.1,185278,9871,23733,903,493,1627612.67,55+,Bangalore,26,Website Traffic,5.33,4.99,5.97,2663.02
CAMP_0039,Facebook,40815.73,260848,10431,15373,562,266,578319.72,18-24,Mumbai,22,Brand Awareness,4.0,2.55,3.91,1316.9
CAMP_0040,Instagram,96668.22,539630,19883,50251,1074,506,1500733.96,35-44,Mumbai,9,Lead Generation,3.68,2.54,4.86,1452.46
CAMP_0041,Google Ads,30986.49,91659,4028,8388,391,249,568824.74,35-44,Delhi,6,Sales,4.39,6.18,7.69,1735.72
CAMP_0042,Instagram,42967.51,197711,8437,23414,555,325,647900.92,18-24,Hyderabad,14,Brand Awareness,4.27,3.85,5.09,1407.89
CAMP_0043,Google Ads,98371.71,326317,15579,36612,816,558,2221561.0,55+,Chennai,7,Sales,4.77,3.58,6.31,2158.33
CAMP_0044,LinkedIn,55964.69,130960,2363,3155,151,125,451727.22,45-54,Chennai,25,Sales,1.8,5.29,23.68,707.16
CAMP_0045,Google Ads,52749.86,164692,9822,17993,858,584,1251872.26,18-24,Delhi,28,Sales,5.96,5.95,5.37,2273.22
CAMP_0046,Facebook,29488.96,168231,5177,10497,157,101,248932.06,55+,Mumbai,21,Brand Awareness,3.08,1.95,5.7,744.15
CAMP_0047,Instagram,71629.54,455908,15859,40320,507,392,1328931.86,18-24,Coimbatore,28,Lead Generation,3.48,2.47,4.52,1755.28
CAMP_0048,Instagram,6365.43,34398,876,2073,37,25,95497.09,18-24,Hyderabad,7,Sales,2.55,2.85,7.27,1400.25
CAMP_0049,Facebook,9703.7,61853,1884,3374,94,41,137908.77,25-34,Delhi,29,Lead Generation,3.05,2.18,5.15,1321.2
CAMP_0050,Google Ads,61939.07,182672,12037,27029,847,430,1224362.09,55+,Hyderabad,21,Lead Generation,6.59,3.57,5.15,1876.72
CAMP_0051,LinkedIn,37459.08,74254,1594,3384,62,44,190774.72,45-54,Mumbai,23,Website Traffic,2.15,2.76,23.5,409.29
CAMP_0052,YouTube,95565.06,454877,7314,10252,221,159,586219.81,25-34,Mumbai,5,Brand Awareness,1.61,2.17,13.07,513.42
CAMP_0053,LinkedIn,90803.12,177557,2819,4442,173,146,192155.08,18-24,Coimbatore,29,Brand Awareness,1.59,5.18,32.21,111.62
CAMP_0054,YouTube,72802.09,336982,5746,10031,248,165,480034.62,18-24,Coimbatore,28,Website Traffic,1.71,2.87,12.67,559.37
CAMP_0055,Facebook,82723.83,526618,15647,23670,806,645,1531490.52,18-24,Chennai,13,Website Traffic,2.97,4.12,5.29,1751.33
CAMP_0056,LinkedIn,68396.53,138377,1795,2585,94,35,131661.89,55+,Hyderabad,9,Lead Generation,1.3,1.95,38.1,92.5
CAMP_0057,Google Ads,16930.3,47420,2081,2691,115,73,77437.45,55+,Hyderabad,19,Sales,4.39,3.51,8.14,357.39
CAMP_0058,Google Ads,77726.62,227925,11035,28657,872,706,1679295.03,25-34,Mumbai,27,Brand Awareness,4.84,6.4,7.04,2060.51
CAMP_0059,Google Ads,24968.24,74108,2758,4585,186,92,188213.12,45-54,Chennai,11,Sales,3.72,3.34,9.05,653.81
CAMP_0060,Instagram,35727.07,174194,5546,9231,350,150,211240.43,25-34,Delhi,23,Sales,3.18,2.7,6.44,491.26
CAMP_0061,Instagram,82827.25,418733,8319,12728,305,160,362191.17,35-44,Hyderabad,11,Website Traffic,1.99,1.92,9.96,337.29
CAMP_0062,Google Ads,55969.93,175968,10524,20634,820,612,2033113.57,18-24,Chennai,12,Sales,5.98,5.82,5.32,3532.51
CAMP_0063,YouTube,86694.37,456789,8907,18017,393,154,339114.22,18-24,Chennai,15,Lead Generation,1.95,1.73,9.73,291.16
CAMP_0064,Instagram,25238.36,151516,4304,6599,177,115,343622.72,18-24,Mumbai,17,Website Traffic,2.84,2.67,5.86,1261.51
CAMP_0065,Instagram,62738.95,353026,10360,22520,404,169,512766.7,25-34,Chennai,24,Sales,2.93,1.63,6.06,717.3
CAMP_0066,Facebook,12960.14,88313,2446,5765,122,69,207938.4,25-34,Coimbatore,7,Website Traffic,2.77,2.82,5.3,1504.45
CAMP_0067,Google Ads,66090.79,225625,13734,24696,855,712,1998096.12,18-24,Coimbatore,5,Lead Generation,6.09,5.18,4.81,2923.26
CAMP_0068,YouTube,77440.73,343415,8921,19062,402,180,237808.38,25-34,Bangalore,29,Lead Generation,2.6,2.02,8.68,207.08
CAMP_0069,Google Ads,60568.43,193181,12564,25174,581,213,359212.01,55+,Mumbai,29,Sales,6.5,1.7,4.82,493.07
CAMP_0070,LinkedIn,30291.99,72582,1831,2770,158,89,336441.49,55+,Delhi,10,Website Traffic,2.52,4.86,16.54,1010.66
CAMP_0071,YouTube,7977.55,39495,930,2202,24,15,40627.74,25-34,Bangalore,22,Sales,2.35,1.61,8.58,409.28
CAMP_0072,Google Ads,16347.64,55680,3140,7795,178,89,306326.85,18-24,Coimbatore,12,Sales,5.64,2.83,5.21,1773.83
CAMP_0073,Google Ads,64118.78,183909,9283,20776,592,368,1086215.55,25-34,Bangalore,15,Website Traffic,5.05,3.96,6.91,1594.07
CAMP_0074,YouTube,93769.92,466294,9045,15541,422,349,362710.44,25-34,Mumbai,5,Sales,1.94,3.86,10.37,286.81
CAMP_0075,Facebook,24620.77,176753,5429,14565,421,213,802236.72,25-34,Mumbai,24,Lead Generation,3.07,3.92,4.54,3158.37
CAMP_0076,Facebook,74827.48,523546,12022,23185,411,207,234234.39,35-44,Chennai,10,Website Traffic,2.3,1.72,6.22,213.03
CAMP_0077,YouTube,87312.85,362411,7924,12880,195,115,493974.06,55+,Hyderabad,11,Website Traffic,2.19,1.45,11.02,465.75
CAMP_0078,Google Ads,54483.81,152051,8334,15444,475,289,484178.15,45-54,Chennai,24,Website Traffic,5.48,3.47,6.54,788.66
CAMP_0079,Instagram,68580.25,395182,10988,25353,490,172,472081.88,45-54,Mumbai,23,Website Traffic,2.78,1.57,6.24,588.36
CAMP_0080,Google Ads,82426.46,287974,12842,32792,1097,722,815078.04,35-44,Coimbatore,14,Sales,4.46,5.62,6.42,888.85
CAMP_0081,YouTube,29764.14,137739,4207,7449,144,122,502854.3,25-34,Delhi,13,Sales,3.05,2.9,7.07,1589.46
CAMP_0082,Facebook,33205.09,203631,4268,6710,245,122,540189.76,35-44,Coimbatore,4,Lead Generation,2.1,2.86,7.78,1526.83
CAMP_0083,Instagram,5059.61,27906,882,1943,54,36,51359.51,35-44,Chennai,20,Brand Awareness,3.16,4.08,5.74,915.09
CAMP_0084,Google Ads,96493.94,326161,21887,58525,1711,603,1184793.43,18-24,Delhi,11,Brand Awareness,6.71,2.76,4.41,1127.84
CAMP_0085,Instagram,92166.76,498864,17484,26108,1459,952,911204.82,55+,Mumbai,4,Lead Generation,3.5,5.44,5.27,888.65
CAMP_0086,Instagram,77633.99,447895,13111,32579,610,350,1306576.52,45-54,Coimbatore,4,Brand Awareness,2.93,2.67,5.92,1583.0
CAMP_0087,Facebook,12512.22,77386,1702,3340,48,30,60638.15,25-34,Mumbai,5,Lead Generation,2.2,1.76,7.35,384.63
CAMP_0088,Facebook,47512.77,275851,7904,19596,283,176,531487.42,45-54,Delhi,18,Sales,2.87,2.23,6.01,1018.62
CAMP_0089,YouTube,14679.72,61566,679,1364,17,7,7288.31,45-54,Delhi,21,Website Traffic,1.1,1.03,21.62,-50.35
CAMP_0090,Instagram,6512.43,37701,1243,2242,45,33,114696.68,55+,Coimbatore,6,Website Traffic,3.3,2.65,5.24,1661.2
CAMP_0091,Google Ads,63537.38,155581,8611,19933,680,427,1198099.77,45-54,Mumbai,25,Sales,5.53,4.96,7.38,1785.66
CAMP_0092,Facebook,96278.79,624814,20865,55105,882,428,1502249.56,45-54,Bangalore,27,Website Traffic,3.34,2.05,4.61,1460.31
CAMP_0093,YouTube,90772.46,406970,6788,11624,231,189,707319.56,35-44,Mumbai,20,Website Traffic,1.67,2.78,13.37,679.22
CAMP_0094,Facebook,71191.71,478625,12621,24449,601,214,261352.7,55+,Delhi,22,Brand Awareness,2.64,1.7,5.64,267.11
CAMP_0095,YouTube,14180.86,67560,1530,2398,28,20,59622.63,18-24,Mumbai,27,Sales,2.26,1.31,9.27,320.44
CAMP_0096,Instagram,31045.58,173091,5744,8578,444,240,777551.65,25-34,Chennai,20,Brand Awareness,3.32,4.18,5.4,2404.55
CAMP_0097,Instagram,35405.39,179901,4366,10673,189,116,320181.75,45-54,Bangalore,12,Brand Awareness,2.43,2.66,8.11,804.33
CAMP_0098,Instagram,77499.26,395651,11185,17013,451,224,348694.94,25-34,Hyderabad,13,Website Traffic,2.83,2.0,6.93,349.93
CAMP_0099,Google Ads,81213.67,240698,16574,40926,1466,749,2819348.52,18-24,Chennai,19,Website Traffic,6.89,4.52,4.9,3371.52
CAMP_0100,Google Ads,41585.08,138984,8001,15096,457,163,732008.55,25-34,Hyderabad,28,Sales,5.76,2.04,5.2,1660.27
CAMP_0101,Google Ads,44698.98,159449,6143,17152,467,334,1466050.55,18-24,Coimbatore,26,Website Traffic,3.85,5.44,7.28,3179.83
CAMP_0102,Facebook,9228.36,59199,1921,2912,119,84,310724.94,35-44,Hyderabad,27,Website Traffic,3.24,4.37,4.8,3267.07
CAMP_0103,Instagram,32467.99,171875,3917,5283,261,177,425718.24,45-54,Mumbai,25,Sales,2.28,4.52,8.29,1211.19
CAMP_0104,Instagram,47872.09,255636,7728,10206,396,312,659655.92,18-24,Hyderabad,26,Website Traffic,3.02,4.04,6.19,1277.96
CAMP_0105,LinkedIn,16113.39,34550,685,1738,45,36,41283.54,25-34,Delhi,22,Brand Awareness,1.98,5.26,23.52,156.21
CAMP_0106,Google Ads,48060.41,162686,10903,20721,1280,804,1928499.08,45-54,Chennai,18,Sales,6.7,7.37,4.41,3912.66
CAMP_0107,Instagram,86051.7,460526,8535,10285,363,251,366905.51,35-44,Chennai,22,Website Traffic,1.85,2.94,10.08,326.38
CAMP_0108,YouTube,60225.5,272796,6462,16799,231,82,148879.61,45-54,Hyderabad,15,Lead Generation,2.37,1.27,9.32,147.2
CAMP_0109,Google Ads,12498.34,43259,2748,7153,97,75,308309.43,18-24,Chennai,4,Sales,6.35,2.73,4.55,2366.8
CAMP_0110,Google Ads,23208.78,69235,3426,8532,195,148,649230.46,35-44,Delhi,26,Sales,4.95,4.32,6.77,2697.35
CAMP_0111,Instagram,50081.71,290631,9452,15098,388,140,604073.74,25-34,Chennai,29,Lead Generation,3.25,1.48,5.3,1106.18
CAMP_0112,Google Ads,39341.28,131798,3267,5869,329,204,325600.42,35-44,Hyderabad,4,Website Traffic,2.48,6.24,12.04,727.63
CAMP_0113,LinkedIn,39079.07,87283,794,1899,45,36,149155.89,35-44,Bangalore,27,Website Traffic,0.91,4.53,49.22,281.68
CAMP_0114,YouTube,55280.41,290556,7319,14513,228,100,140941.91,55+,Bangalore,16,Sales,2.52,1.37,7.55,154.96
CAMP_0115,Facebook,60517.61,428630,10837,15672,584,307,837366.06,35-44,Coimbatore,6,Sales,2.53,2.83,5.58,1283.67
CAMP_0116,YouTube,80701.85,374547,7375,11715,302,156,501881.35,35-44,Chennai,19,Website Traffic,1.97,2.12,10.94,521.9
CAMP_0117,YouTube,37391.82,159033,3481,9594,155,82,210320.22,45-54,Hyderabad,15,Website Traffic,2.19,2.36,10.74,462.48
CAMP_0118,Google Ads,81519.3,239329,12296,17726,920,341,1475375.64,25-34,Chennai,6,Brand Awareness,5.14,2.77,6.63,1709.85
CAMP_0119,YouTube,37168.07,171820,3310,7817,154,75,157467.44,45-54,Mumbai,5,Sales,1.93,2.27,11.23,323.66
CAMP_0120,Facebook,10266.13,58568,1756,3450,93,46,128733.74,45-54,Delhi,14,Sales,3.0,2.62,5.85,1153.97
CAMP_0121,YouTube,57647.83,267673,4108,9850,162,127,148795.71,18-24,Chennai,24,Lead Generation,1.53,3.09,14.03,158.11
CAMP_0122,YouTube,60850.72,313948,7969,17992,180,95,376960.81,45-54,Chennai,25,Brand Awareness,2.54,1.19,7.64,519.48
CAMP_0123,Instagram,93781.32,523612,16061,30559,784,450,1074648.7,55+,Bangalore,10,Website Traffic,3.07,2.8,5.84,1045.91
CAMP_0124,Google Ads,73975.83,230824,10397,18364,873,472,1615144.17,55+,Delhi,4,Brand Awareness,4.5,4.54,7.12,2083.34
CAMP_0125,Google Ads,92188.4,307752,13452,32379,1123,461,1547154.85,18-24,Hyderabad,8,Website Traffic,4.37,3.43,6.85,1578.25
CAMP_0126,Instagram,91292.98,528478,17041,29260,657,555,1850673.26,25-34,Chennai,24,Website Traffic,3.22,3.26,5.36,1927.18
CAMP_0127,YouTube,62434.54,257723,5114,12583,202,154,419646.58,25-34,Bangalore,12,Brand Awareness,1.98,3.01,12.21,572.14
CAMP_0128,YouTube,55137.4,241497,3658,8369,106,66,125338.46,45-54,Coimbatore,14,Sales,1.51,1.8,15.07,127.32
CAMP_0129,Google Ads,57956.89,208557,10228,21727,671,395,1244384.46,45-54,Delhi,23,Website Traffic,4.9,3.86,5.67,2047.09
CAMP_0130,Instagram,97941.43,558286,15263,27322,815,550,2399347.18,45-54,Bangalore,12,Brand Awareness,2.73,3.6,6.42,2349.78
CAMP_0131,Instagram,78450.93,400747,15737,24048,1291,663,2587170.08,25-34,Bangalore,12,Lead Generation,3.93,4.21,4.99,3197.82
CAMP_0132,Google Ads,15095.26,46449,2615,6110,201,75,96867.42,35-44,Bangalore,25,Brand Awareness,5.63,2.87,5.77,541.71
CAMP_0133,Google Ads,78950.7,211537,14921,20086,1596,881,866441.16,55+,Chennai,5,Lead Generation,7.05,5.9,5.29,997.45
CAMP_0134,Instagram,21201.11,100281,2799,7705,186,157,423318.61,35-44,Chennai,22,Website Traffic,2.79,5.61,7.57,1896.68
CAMP_0135,LinkedIn,47498.3,113846,1942,5372,88,39,144026.44,35-44,Coimbatore,12,Brand Awareness,1.71,2.01,24.46,203.22
CAMP_0136,Instagram,24993.67,138804,4751,6691,319,196,397889.64,25-34,Mumbai,11,Brand Awareness,3.42,4.13,5.26,1491.96
CAMP_0137,Instagram,70510.39,407985,14475,19777,665,236,808172.04,35-44,Mumbai,22,Lead Generation,3.55,1.63,4.87,1046.17
CAMP_0138,Facebook,88344.42,603299,19085,35505,1115,458,1948751.78,18-24,Mumbai,21,Brand Awareness,3.16,2.4,4.63,2105.86
CAMP_0139,Instagram,32584.38,185941,4999,13707,139,89,227158.64,45-54,Delhi,16,Brand Awareness,2.69,1.78,6.52,597.14
CAMP_0140,LinkedIn,12791.02,30092,458,843,29,14,24905.65,18-24,Delhi,4,Website Traffic,1.52,3.06,27.93,94.71
CAMP_0141,LinkedIn,33356.84,75652,1275,2272,74,59,248031.77,55+,Coimbatore,7,Brand Awareness,1.69,4.63,26.16,643.57
CAMP_0142,Google Ads,68874.38,237382,16536,38458,1342,742,1929311.5,45-54,Delhi,22,Sales,6.97,4.49,4.17,2701.2
CAMP_0143,Instagram,36232.21,229848,6030,8960,227,103,243926.81,35-44,Mumbai,10,Lead Generation,2.62,1.71,6.01,573.23
CAMP_0144,Instagram,31420.66,177346,5137,9151,181,113,245447.49,55+,Mumbai,9,Brand Awareness,2.9,2.2,6.12,681.17
CAMP_0145,Instagram,22521.34,126696,4587,7642,259,194,470035.04,45-54,Bangalore,8,Lead Generation,3.62,4.23,4.91,1987.07
CAMP_0146,Google Ads,52264.06,167508,10335,22349,1151,414,1376619.67,35-44,Delhi,13,Lead Generation,6.17,4.01,5.06,2533.97
CAMP_0147,Facebook,31215.14,193448,5958,8701,286,172,423359.19,18-24,Chennai,14,Lead Generation,3.08,2.89,5.24,1256.26
CAMP_0148,Instagram,74445.98,400345,12997,27007,388,286,591220.92,45-54,Chennai,20,Brand Awareness,3.25,2.2,5.73,694.16
CAMP_0149,Google Ads,12279.13,41590,1849,4756,120,48,171700.59,35-44,Bangalore,21,Brand Awareness,4.45,2.6,6.64,1298.31
CAMP_0150,Google Ads,68083.14,205970,9920,20065,822,659,1074629.41,18-24,Bangalore,12,Lead Generation,4.82,6.64,6.86,1478.41
CAMP_0151,LinkedIn,27568.2,59025,1278,2931,105,51,82975.03,55+,Bangalore,27,Sales,2.17,3.99,21.57,200.98
CAMP_0152,Google Ads,51481.53,172442,10805,14267,803,350,1192508.78,55+,Chennai,27,Lead Generation,6.27,3.24,4.76,2216.38
CAMP_0153,Google Ads,32178.54,108402,4529,8688,458,295,1185942.34,55+,Mumbai,23,Sales,4.18,6.51,7.1,3585.51
CAMP_0154,Instagram,73663.02,485635,17972,24295,636,278,491603.81,55+,Bangalore,16,Lead Generation,3.7,1.55,4.1,567.37
CAMP_0155,LinkedIn,94804.17,231232,5143,11104,315,217,344606.83,25-34,Coimbatore,5,Website Traffic,2.22,4.22,18.43,263.49
CAMP_0156,Google Ads,92122.29,306929,17045,28119,894,532,1762569.82,45-54,Bangalore,20,Lead Generation,5.55,3.12,5.4,1813.29
CAMP_0157,Facebook,60425.49,407006,12271,20365,329,133,416940.25,45-54,Hyderabad,26,Lead Generation,3.01,1.08,4.92,590.01
CAMP_0158,YouTube,48947.98,219859,5458,7220,126,102,256031.06,25-34,Bangalore,17,Brand Awareness,2.48,1.87,8.97,423.07
CAMP_0159,Google Ads,82738.55,270187,12999,22051,951,653,813049.19,35-44,Chennai,8,Sales,4.81,5.02,6.36,882.67
CAMP_0160,Facebook,69916.0,458287,18213,36621,753,469,577070.52,35-44,Delhi,12,Website Traffic,3.97,2.58,3.84,725.38
CAMP_0161,Instagram,22438.59,119253,4656,9943,298,160,591748.87,55+,Bangalore,29,Sales,3.9,3.44,4.82,2537.19
CAMP_0162,Facebook,82987.33,516640,15830,20685,787,329,831175.34,18-24,Delhi,14,Website Traffic,3.06,2.08,5.24,901.57
CAMP_0163,Facebook,45744.02,307683,8562,19199,317,223,889475.98,35-44,Hyderabad,9,Lead Generation,2.78,2.6,5.34,1844.46
CAMP_0164,Facebook,22953.64,143248,4368,8658,135,102,302842.2,18-24,Coimbatore,19,Brand Awareness,3.05,2.34,5.25,1219.36
CAMP_0165,Google Ads,31770.75,104141,4119,8481,456,188,587961.97,45-54,Delhi,3,Brand Awareness,3.96,4.56,7.71,1750.64
CAMP_0166,YouTube,30415.07,148169,4278,10834,135,81,345311.1,18-24,Mumbai,28,Sales,2.89,1.89,7.11,1035.33
CAMP_0167,Instagram,54324.66,322330,12410,21687,953,565,843328.73,45-54,Bangalore,20,Brand Awareness,3.85,4.55,4.38,1452.39
CAMP_0168,Google Ads,27265.16,97000,6741,9966,282,148,422523.31,25-34,Hyderabad,28,Sales,6.95,2.2,4.04,1449.68
CAMP_0169,Google Ads,16738.82,49876,2758,5745,153,114,126460.08,25-34,Hyderabad,17,Sales,5.53,4.13,6.07,655.49
CAMP_0170,Facebook,16750.63,118448,3101,8410,113,45,98645.86,55+,Delhi,21,Website Traffic,2.62,1.45,5.4,488.91
CAMP_0171,Facebook,60411.24,391896,9641,19558,532,241,345390.26,35-44,Coimbatore,30,Sales,2.46,2.5,6.27,471.73
CAMP_0172,Google Ads,74802.13,249354,15723,39796,1065,374,589502.34,55+,Chennai,3,Website Traffic,6.31,2.38,4.76,688.08
CAMP_0173,Instagram,35545.64,208486,6056,14603,311,167,712298.59,45-54,Bangalore,7,Brand Awareness,2.9,2.76,5.87,1903.9
CAMP_0174,Google Ads,8291.82,27252,1448,2938,137,68,210695.08,55+,Hyderabad,17,Sales,5.31,4.7,5.73,2441.0
CAMP_0175,Facebook,17086.36,101345,3117,6970,185,145,596206.55,18-24,Coimbatore,5,Sales,3.08,4.65,5.48,3389.37
CAMP_0176,Google Ads,91895.98,305492,14808,27405,734,531,1325733.18,45-54,Mumbai,3,Lead Generation,4.85,3.59,6.21,1342.65
CAMP_0177,Facebook,51886.65,286963,9545,19558,321,126,384491.02,25-34,Hyderabad,10,Sales,3.33,1.32,5.44,641.02
CAMP_0178,Instagram,48089.42,311946,9950,20016,447,322,327003.96,35-44,Coimbatore,14,Sales,3.19,3.24,4.83,579.99
CAMP_0179,LinkedIn,8614.67,19728,259,605,16,11,28492.29,45-54,Chennai,29,Lead Generation,1.31,4.25,33.26,230.74
CAMP_0180,Google Ads,74220.52,253463,12259,22752,606,297,870389.4,45-54,Chennai,24,Lead Generation,4.84,2.42,6.05,1072.71
CAMP_0181,Instagram,55166.47,323197,12778,17373,780,279,267951.54,18-24,Hyderabad,27,Brand Awareness,3.95,2.18,4.32,385.71
CAMP_0182,Google Ads,24197.69,75839,3468,8538,276,112,419122.04,35-44,Hyderabad,21,Sales,4.57,3.23,6.98,1632.07
CAMP_0183,LinkedIn,15457.01,32863,687,1577,39,19,37306.93,25-34,Delhi,27,Brand Awareness,2.09,2.77,22.5,141.36
CAMP_0184,YouTube,41421.85,177280,3804,10348,139,105,265540.11,45-54,Bangalore,27,Brand Awareness,2.15,2.76,10.89,541.06
CAMP_0185,Google Ads,84530.39,280628,14958,28210,1376,802,2268271.76,45-54,Coimbatore,14,Lead Generation,5.33,5.36,5.65,2583.38
CAMP_0186,Facebook,87202.98,576717,23451,31076,1109,897,4011303.05,18-24,Hyderabad,15,Website Traffic,4.07,3.82,3.72,4499.96
CAMP_0187,YouTube,62270.41,295693,4774,6658,186,138,173474.68,55+,Bangalore,30,Brand Awareness,1.61,2.89,13.04,178.58
CAMP_0188,Facebook,74115.96,458861,11136,27142,465,230,666771.48,25-34,Delhi,3,Website Traffic,2.43,2.07,6.66,799.63
CAMP_0189,Instagram,15939.8,91482,2915,3814,98,76,213570.56,35-44,Bangalore,21,Sales,3.19,2.61,5.47,1239.86
CAMP_0190,Google Ads,60871.98,183790,14504,38472,1042,426,489079.91,45-54,Hyderabad,8,Lead Generation,7.89,2.94,4.2,703.46
CAMP_0191,Google Ads,68361.74,201995,11068,18269,570,210,668257.4,45-54,Chennai,10,Sales,5.48,1.9,6.18,877.53
CAMP_0192,YouTube,24067.72,106972,2357,6218,130,85,164277.46,25-34,Coimbatore,6,Sales,2.2,3.61,10.21,582.56
CAMP_0193,LinkedIn,88614.7,193246,3268,7966,264,138,175751.93,55+,Coimbatore,7,Lead Generation,1.69,4.22,27.12,98.33
CAMP_0194,Facebook,23524.69,164252,4896,12700,97,50,77155.55,45-54,Chennai,27,Sales,2.98,1.02,4.8,227.98
CAMP_0195,Instagram,34780.35,172124,5236,8076,365,253,977837.82,25-34,Hyderabad,24,Lead Generation,3.04,4.83,6.64,2711.47
CAMP_0196,Instagram,63952.9,354355,12759,27472,386,299,381179.89,18-24,Coimbatore,30,Website Traffic,3.6,2.34,5.01,496.03
CAMP_0197,Facebook,65643.26,431025,13751,18560,776,397,1024632.62,55+,Hyderabad,9,Sales,3.19,2.89,4.77,1460.91
CAMP_0198,YouTube,71441.55,376316,7570,11534,105,54,86561.09,35-44,Delhi,25,Lead Generation,2.01,0.71,9.44,21.16
CAMP_0199,YouTube,15641.11,67641,1133,1921,29,18,26718.33,45-54,Hyderabad,6,Brand Awareness,1.68,1.59,13.81,70.82
CAMP_0200,YouTube,85699.12,354766,7576,18071,285,193,316628.53,25-34,Bangalore,22,Sales,2.14,2.55,11.31,269.47
CAMP_0201,Facebook,55620.48,367735,12895,15984,864,390,1042867.24,18-24,Chennai,6,Website Traffic,3.51,3.02,4.31,1774.97
CAMP_0202,Google Ads,49775.57,157600,7378,19515,435,351,616369.45,35-44,Hyderabad,17,Lead Generation,4.68,4.76,6.75,1138.3
CAMP_0203,Google Ads,98204.27,301468,17577,23084,1240,840,1048520.44,25-34,Delhi,29,Sales,5.83,4.78,5.59,967.69
CAMP_0204,YouTube,75335.94,354425,5828,10504,134,89,336868.84,25-34,Mumbai,23,Sales,1.64,1.53,12.93,347.16
CAMP_0205,Facebook,16210.57,108302,2465,3278,87,70,199034.99,35-44,Chennai,7,Sales,2.28,2.84,6.58,1127.81
CAMP_0206,Google Ads,76871.22,254387,17266,41962,1754,1410,2065189.14,18-24,Coimbatore,26,Website Traffic,6.79,8.17,4.45,2586.56
CAMP_0207,Google Ads,14048.65,44962,2781,3966,327,137,355809.2,18-24,Bangalore,11,Lead Generation,6.19,4.93,5.05,2432.69
CAMP_0208,Facebook,7609.7,52571,1564,4091,76,32,36675.36,55+,Coimbatore,4,Brand Awareness,2.98,2.05,4.87,381.96
CAMP_0209,Google Ads,43344.46,137590,4405,9023,238,174,520181.27,45-54,Delhi,29,Brand Awareness,3.2,3.95,9.84,1100.11
CAMP_0210,Google Ads,99389.93,311665,15436,41948,1015,841,1787206.87,35-44,Delhi,9,Brand Awareness,4.95,5.45,6.44,1698.18
CAMP_0211,Facebook,21613.97,142802,4435,7382,259,177,225268.38,35-44,Coimbatore,19,Lead Generation,3.11,3.99,4.87,942.24
CAMP_0212,Facebook,68901.21,387207,8014,15442,469,261,407451.76,35-44,Chennai,18,Brand Awareness,2.07,3.26,8.6,491.36
CAMP_0213,Facebook,21472.63,140815,3692,8531,170,118,253054.51,18-24,Coimbatore,19,Website Traffic,2.62,3.2,5.82,1078.5
CAMP_0214,Google Ads,73854.76,225198,14095,35675,1339,622,2365507.57,45-54,Hyderabad,22,Lead Generation,6.26,4.41,5.24,3102.92
CAMP_0215,Facebook,53008.6,296053,6035,11311,225,191,291374.42,55+,Coimbatore,28,Sales,2.04,3.16,8.78,449.67
CAMP_0216,Google Ads,69597.31,224890,8630,22679,222,126,163143.69,25-34,Bangalore,25,Website Traffic,3.84,1.46,8.06,134.41
CAMP_0217,Instagram,24272.95,129906,3039,4221,154,126,347429.93,25-34,Bangalore,4,Sales,2.34,4.15,7.99,1331.35
CAMP_0218,Facebook,75834.69,412750,12253,28597,466,263,765674.29,35-44,Mumbai,13,Brand Awareness,2.97,2.15,6.19,909.66
CAMP_0219,Facebook,99583.81,579023,14587,25631,731,595,728796.9,45-54,Bangalore,4,Website Traffic,2.52,4.08,6.83,631.84
CAMP_0220,YouTube,68236.8,352093,8563,11664,278,144,277076.75,18-24,Coimbatore,3,Lead Generation,2.43,1.68,7.97,306.05
CAMP_0221,Facebook,51880.6,309813,8864,16121,268,196,361806.31,45-54,Bangalore,28,Website Traffic,2.86,2.21,5.85,597.38
CAMP_0222,Facebook,92701.53,594354,22275,58101,1053,869,1364675.68,45-54,Chennai,4,Sales,3.75,3.9,4.16,1372.12
CAMP_0223,Google Ads,6505.93,18568,794,2198,60,40,81451.89,18-24,Bangalore,25,Lead Generation,4.28,5.04,8.19,1151.96
CAMP_0224,Instagram,74342.73,482432,16360,29914,917,632,653229.29,35-44,Hyderabad,11,Website Traffic,3.39,3.86,4.54,778.67
CAMP_0225,Google Ads,89430.92,281022,13244,34676,862,346,1122970.41,45-54,Chennai,24,Website Traffic,4.71,2.61,6.75,1155.68
CAMP_0226,Google Ads,10859.09,32078,1955,3940,170,100,445855.37,25-34,Mumbai,28,Website Traffic,6.09,5.12,5.55,4005.83
CAMP_0227,LinkedIn,47756.1,113639,2090,4906,164,130,413733.89,18-24,Hyderabad,4,Website Traffic,1.84,6.22,22.85,766.35
CAMP_0228,Instagram,24448.35,158101,4155,5288,198,93,204588.4,55+,Coimbatore,30,Lead Generation,2.63,2.24,5.88,736.82
CAMP_0229,YouTube,58819.23,258628,5278,11040,127,95,313925.32,35-44,Coimbatore,17,Sales,2.04,1.8,11.14,433.71
CAMP_0230,Facebook,66706.58,393434,11161,14646,311,214,632895.87,18-24,Coimbatore,12,Website Traffic,2.84,1.92,5.98,848.78
CAMP_0231,YouTube,33749.2,181573,3402,5545,107,49,193468.1,55+,Hyderabad,17,Lead Generation,1.87,1.44,9.92,473.25
CAMP_0232,Instagram,48698.26,267891,9695,20426,269,132,414314.79,55+,Hyderabad,12,Sales,3.62,1.36,5.02,750.78
CAMP_0233,Facebook,31537.25,193377,4410,10987,357,201,639717.65,45-54,Hyderabad,27,Website Traffic,2.28,4.56,7.15,1928.45
CAMP_0234,Instagram,40092.16,184524,8127,17046,333,137,232624.78,45-54,Chennai,25,Sales,4.4,1.69,4.93,480.23
CAMP_0235,Google Ads,20156.3,62819,4048,10921,299,241,577498.19,45-54,Delhi,29,Sales,6.44,5.95,4.98,2765.1
CAMP_0236,Facebook,89128.15,496624,14778,36894,629,453,969373.71,18-24,Chennai,19,Lead Generation,2.98,3.07,6.03,987.62
CAMP_0237,Instagram,5950.99,31580,1528,2216,87,46,43292.01,18-24,Coimbatore,30,Sales,4.84,3.01,3.89,627.48
CAMP_0238,Google Ads,88828.87,232858,12094,22039,1412,706,1431634.3,35-44,Delhi,11,Lead Generation,5.19,5.84,7.34,1511.68
CAMP_0239,Facebook,59309.49,407312,12660,28733,602,418,1107626.28,45-54,Bangalore,20,Website Traffic,3.11,3.3,4.68,1767.54
CAMP_0240,Google Ads,36507.5,100700,5760,15560,299,168,513988.45,55+,Coimbatore,6,Sales,5.72,2.92,6.34,1307.9
CAMP_0241,LinkedIn,73690.43,138332,2847,7916,149,69,294246.93,25-34,Mumbai,11,Sales,2.06,2.42,25.88,299.3
CAMP_0242,LinkedIn,53236.45,109708,2507,6070,215,121,213057.95,35-44,Chennai,18,Brand Awareness,2.29,4.83,21.24,300.21
CAMP_0243,LinkedIn,52415.32,128102,2534,5367,133,104,150669.41,18-24,Hyderabad,6,Website Traffic,1.98,4.1,20.68,187.45
CAMP_0244,Instagram,15463.52,82850,3148,7588,107,41,165230.18,35-44,Chennai,18,Website Traffic,3.8,1.3,4.91,968.52
CAMP_0245,Google Ads,42004.02,127994,6342,10383,602,322,1381589.62,35-44,Hyderabad,21,Brand Awareness,4.95,5.08,6.62,3189.18
CAMP_0246,LinkedIn,27901.11,64376,1116,1846,62,52,138145.04,35-44,Delhi,3,Brand Awareness,1.73,4.66,25.0,395.12
CAMP_0247,Instagram,6491.11,35624,1476,3317,66,24,31554.71,35-44,Mumbai,25,Lead Generation,4.14,1.63,4.4,386.12
CAMP_0248,LinkedIn,39209.46,95761,1909,4954,103,82,217086.63,25-34,Delhi,8,Lead Generation,1.99,4.3,20.54,453.66
CAMP_0249,LinkedIn,13533.1,29497,555,1527,29,16,20703.94,45-54,Mumbai,12,Sales,1.88,2.88,24.38,52.99
CAMP_0250,YouTube,29398.85,131245,2382,4159,70,31,126463.51,55+,Chennai,18,Sales,1.81,1.3,12.34,330.16
CAMP_0251,Instagram,13789.08,90482,3399,8411,146,52,179365.7,35-44,Hyderabad,6,Sales,3.76,1.53,4.06,1200.78
CAMP_0252,Instagram,14589.45,81410,2239,5737,113,44,77796.1,35-44,Delhi,24,Sales,2.75,1.97,6.52,433.24
CAMP_0253,YouTube,23906.07,110668,1874,4117,51,22,90025.9,35-44,Mumbai,24,Lead Generation,1.69,1.17,12.76,276.58
CAMP_0254,Instagram,99985.68,546125,17838,31326,1156,419,1339310.97,45-54,Coimbatore,15,Website Traffic,3.27,2.35,5.61,1239.5
CAMP_0255,Google Ads,5207.49,13112,409,896,26,13,56312.72,18-24,Coimbatore,18,Sales,3.12,3.18,12.73,981.38
CAMP_0256,Facebook,65673.9,439124,13648,29140,902,336,1488388.43,18-24,Delhi,22,Website Traffic,3.11,2.46,4.81,2166.33
CAMP_0257,LinkedIn,18418.15,46366,891,1934,60,42,38296.21,25-34,Hyderabad,8,Sales,1.92,4.71,20.67,107.93
CAMP_0258,Facebook,92459.67,635924,16675,36532,794,603,803661.0,18-24,Delhi,28,Brand Awareness,2.62,3.62,5.54,769.2
CAMP_0259,Facebook,13895.12,82967,2213,5655,130,103,295498.8,35-44,Chennai,13,Sales,2.67,4.65,6.28,2026.64
CAMP_0260,Google Ads,95731.0,295014,15877,23373,1978,1235,5361221.88,35-44,Mumbai,26,Sales,5.38,7.78,6.03,5500.3
CAMP_0261,Facebook,63038.01,404994,9729,17392,501,412,1845447.33,35-44,Chennai,5,Sales,2.4,4.23,6.48,2827.52
CAMP_0262,LinkedIn,5120.47,11665,217,464,17,6,17656.01,25-34,Coimbatore,22,Lead Generation,1.86,2.76,23.6,244.81
CAMP_0263,Google Ads,89930.68,296343,15567,25737,1025,427,651467.65,35-44,Mumbai,12,Brand Awareness,5.25,2.74,5.78,624.41
CAMP_0264,Instagram,54562.62,308050,10057,27808,528,262,389588.78,18-24,Delhi,30,Sales,3.26,2.61,5.43,614.02
CAMP_0265,YouTube,29953.62,132217,2699,4375,92,68,248192.38,45-54,Chennai,3,Sales,2.04,2.52,11.1,728.59
CAMP_0266,Facebook,77891.52,492155,12906,25185,651,516,1563983.43,45-54,Bangalore,22,Website Traffic,2.62,4.0,6.04,1907.9
CAMP_0267,Facebook,93033.23,627918,18463,48074,947,624,1794365.69,55+,Hyderabad,13,Brand Awareness,2.94,3.38,5.04,1828.74
CAMP_0268,Facebook,50950.63,392735,12543,16658,694,376,968859.4,18-24,Hyderabad,28,Sales,3.19,3.0,4.06,1801.57
CAMP_0269,Instagram,34977.58,186564,5406,13586,191,130,456363.01,35-44,Bangalore,28,Website Traffic,2.9,2.4,6.47,1204.73
CAMP_0270,Instagram,79949.79,452203,15501,32763,654,288,1148830.57,45-54,Coimbatore,14,Website Traffic,3.43,1.86,5.16,1336.94
CAMP_0271,YouTube,69769.62,307918,7071,8845,318,184,366279.43,18-24,Mumbai,16,Lead Generation,2.3,2.6,9.87,424.98
CAMP_0272,YouTube,89431.49,416509,6725,17785,156,94,159358.57,45-54,Hyderabad,27,Website Traffic,1.61,1.4,13.3,78.19
CAMP_0273,YouTube,70788.83,346882,8565,10815,267,107,354460.72,35-44,Bangalore,10,Sales,2.47,1.25,8.26,400.73
CAMP_0274,LinkedIn,28135.19,61482,1516,3069,92,34,142563.25,45-54,Delhi,13,Lead Generation,2.47,2.24,18.56,406.71
CAMP_0275,Instagram,93507.63,434456,13682,17492,661,479,1031462.69,55+,Bangalore,6,Lead Generation,3.15,3.5,6.83,1003.08
CAMP_0276,Instagram,14959.4,89946,2790,3666,125,77,144822.65,55+,Coimbatore,30,Sales,3.1,2.76,5.36,868.1
CAMP_0277,YouTube,30454.56,139874,2825,7400,69,36,61704.46,45-54,Coimbatore,9,Brand Awareness,2.02,1.27,10.78,102.61
CAMP_0278,Facebook,54418.49,330809,10297,24974,527,300,544850.18,18-24,Chennai,12,Website Traffic,3.11,2.91,5.28,901.22
CAMP_0279,Facebook,58745.49,350555,10718,16239,381,316,437900.17,18-24,Hyderabad,21,Lead Generation,3.06,2.95,5.48,645.42
CAMP_0280,YouTube,6454.51,30069,451,989,13,7,21338.81,18-24,Chennai,27,Brand Awareness,1.5,1.55,14.31,230.6
CAMP_0281,YouTube,79154.41,339763,6023,14886,239,96,183453.49,45-54,Bangalore,28,Sales,1.77,1.59,13.14,131.77
CAMP_0282,Instagram,39352.7,208499,7281,19101,370,215,669466.94,18-24,Mumbai,6,Website Traffic,3.49,2.95,5.4,1601.2
CAMP_0283,Instagram,43609.76,218076,6796,13247,383,258,309320.45,35-44,Mumbai,4,Website Traffic,3.12,3.8,6.42,609.29
CAMP_0284,Google Ads,81890.11,241937,10513,27712,812,289,380221.25,55+,Coimbatore,28,Lead Generation,4.35,2.75,7.79,364.31
CAMP_0285,Facebook,41031.92,269392,9580,19280,414,214,605643.74,35-44,Mumbai,23,Website Traffic,3.56,2.23,4.28,1376.03
CAMP_0286,Google Ads,9486.36,26369,1242,2858,102,56,153524.64,18-24,Mumbai,20,Website Traffic,4.71,4.51,7.64,1518.37
CAMP_0287,Instagram,21761.78,132041,4253,11766,256,149,279737.92,35-44,Mumbai,16,Website Traffic,3.22,3.5,5.12,1185.46
CAMP_0288,Facebook,95810.8,542339,14717,23216,667,334,1295142.14,18-24,Bangalore,28,Website Traffic,2.71,2.27,6.51,1251.77
CAMP_0289,Instagram,11688.51,65715,1695,2491,139,95,149470.13,45-54,Mumbai,18,Sales,2.58,5.6,6.9,1178.78
CAMP_0290,Facebook,38718.46,251379,7273,12708,255,210,461659.81,35-44,Delhi,24,Brand Awareness,2.89,2.89,5.32,1092.35
CAMP_0291,Google Ads,52802.02,175892,10357,15153,373,301,872852.48,45-54,Mumbai,13,Sales,5.89,2.91,5.1,1553.07
CAMP_0292,Google Ads,51861.68,172763,8702,14399,614,419,1685201.23,45-54,Mumbai,12,Sales,5.04,4.81,5.96,3149.42
CAMP_0293,YouTube,5376.19,24273,479,1144,18,11,26474.62,25-34,Chennai,19,Lead Generation,1.97,2.3,11.22,392.44
CAMP_0294,Instagram,52610.46,288269,10222,20076,482,368,859266.55,18-24,Bangalore,16,Website Traffic,3.55,3.6,5.15,1533.26
CAMP_0295,Google Ads,41458.38,135740,4811,8660,508,390,1164670.55,55+,Coimbatore,24,Sales,3.54,8.11,8.62,2709.25
CAMP_0296,Instagram,97347.54,552849,15000,26849,857,655,1336267.79,18-24,Chennai,6,Website Traffic,2.71,4.37,6.49,1272.68
CAMP_0297,YouTube,20120.11,88925,1939,2930,48,21,72513.5,55+,Hyderabad,21,Sales,2.18,1.08,10.38,260.4
CAMP_0298,Google Ads,38644.65,124349,6191,11861,408,148,265705.2,18-24,Bangalore,4,Sales,4.98,2.39,6.24,587.56
CAMP_0299,Facebook,44850.74,276569,6990,15374,436,367,1417906.55,45-54,Delhi,9,Lead Generation,2.53,5.25,6.42,3061.39
CAMP_0300,Google Ads,42115.89,125289,8009,11394,909,754,1417876.1,35-44,Bangalore,11,Brand Awareness,6.39,9.41,5.26,3266.61
CAMP_0301,Google Ads,68253.93,206838,10079,27783,360,228,1020009.11,35-44,Hyderabad,30,Brand Awareness,4.87,2.26,6.77,1394.43
CAMP_0302,Facebook,25473.72,165406,6281,11992,353,299,609740.21,25-34,Hyderabad,21,Sales,3.8,4.76,4.06,2293.6
CAMP_0303,Facebook,26001.8,150445,2882,7830,99,73,296655.51,55+,Hyderabad,18,Lead Generation,1.92,2.53,9.02,1040.9
CAMP_0304,Facebook,74275.04,505306,8515,12053,379,231,538341.21,55+,Coimbatore,24,Website Traffic,1.69,2.71,8.72,624.79
CAMP_0305,Facebook,52527.6,313661,10172,24693,502,273,487522.7,55+,Mumbai,27,Website Traffic,3.24,2.68,5.16,828.13
CAMP_0306,LinkedIn,44439.79,80901,1198,2621,78,50,85709.39,45-54,Bangalore,18,Sales,1.48,4.17,37.09,92.87
CAMP_0307,Instagram,21074.29,122255,3231,8117,207,126,499046.77,55+,Mumbai,20,Brand Awareness,2.64,3.9,6.52,2268.04
CAMP_0308,Instagram,22815.09,99358,3743,8089,223,189,380175.53,35-44,Mumbai,25,Lead Generation,3.77,5.05,6.1,1566.33
CAMP_0309,YouTube,6002.41,25075,479,1313,11,7,14831.79,45-54,Delhi,23,Brand Awareness,1.91,1.46,12.53,147.1
CAMP_0310,Google Ads,13685.5,51055,3268,7200,273,210,337926.75,18-24,Hyderabad,23,Website Traffic,6.4,6.43,4.19,2369.23
CAMP_0311,Instagram,57899.68,348942,9939,24404,489,370,1613484.52,55+,Coimbatore,13,Brand Awareness,2.85,3.72,5.83,2686.69
CAMP_0312,Google Ads,89727.95,302324,17713,46127,1145,442,787236.56,55+,Delhi,9,Website Traffic,5.86,2.5,5.07,777.36
CAMP_0313,Google Ads,32280.65,91848,4587,10749,367,144,257874.77,18-24,Chennai,11,Lead Generation,4.99,3.14,7.04,698.85
CAMP_0314,LinkedIn,36135.99,79103,1188,2422,60,41,176219.33,55+,Coimbatore,6,Lead Generation,1.5,3.45,30.42,387.66
CAMP_0315,YouTube,15982.53,79863,2200,3600,83,40,165729.44,18-24,Mumbai,27,Sales,2.75,1.82,7.26,936.94
CAMP_0316,Facebook,41919.94,275406,9261,23775,371,252,452611.95,45-54,Coimbatore,15,Sales,3.36,2.72,4.53,979.71
CAMP_0317,Instagram,8536.06,51732,1439,2833,66,28,112364.34,35-44,Hyderabad,29,Brand Awareness,2.78,1.95,5.93,1216.35
CAMP_0318,Google Ads,92172.07,329090,17519,38421,1004,551,991449.33,18-24,Chennai,28,Lead Generation,5.32,3.15,5.26,975.65
CAMP_0319,Google Ads,68945.58,226833,15791,20951,1472,591,711605.96,25-34,Hyderabad,27,Lead Generation,6.96,3.74,4.37,932.13
CAMP_0320,Google Ads,99121.14,279257,12627,25200,1015,498,1918943.83,18-24,Chennai,6,Sales,4.52,3.94,7.85,1835.96
CAMP_0321,Facebook,88868.2,582015,13556,31410,696,274,1007664.97,55+,Delhi,21,Website Traffic,2.33,2.02,6.56,1033.89
CAMP_0322,Facebook,49934.11,306208,9299,19849,490,409,801967.87,45-54,Mumbai,4,Brand Awareness,3.04,4.4,5.37,1506.05
CAMP_0323,Facebook,54370.08,304721,12019,23049,682,373,456738.63,45-54,Chennai,11,Brand Awareness,3.94,3.1,4.52,740.06
CAMP_0324,Google Ads,23104.72,77369,4297,6693,268,215,353283.7,18-24,Chennai,14,Sales,5.55,5.0,5.38,1429.05
CAMP_0325,LinkedIn,48893.74,119101,2549,4322,107,89,327146.53,35-44,Chennai,4,Lead Generation,2.14,3.49,19.18,569.1
CAMP_0326,Facebook,90787.65,563160,12881,29897,475,382,1670521.2,25-34,Coimbatore,8,Sales,2.29,2.97,7.05,1740.03
CAMP_0327,Facebook,9831.08,63020,1879,2929,65,38,69631.48,45-54,Delhi,7,Sales,2.98,2.02,5.23,608.28
CAMP_0328,Facebook,87037.9,453786,11884,26083,638,472,1815185.35,55+,Coimbatore,7,Sales,2.62,3.97,7.32,1985.51
CAMP_0329,Instagram,37390.04,226397,9679,20748,429,183,314862.03,55+,Mumbai,22,Sales,4.28,1.89,3.86,742.1
CAMP_0330,Google Ads,90453.71,300606,21291,58607,2314,920,3078836.5,35-44,Chennai,24,Website Traffic,7.08,4.32,4.25,3303.77
CAMP_0331,Instagram,94383.59,534850,24137,31312,1681,1325,1591336.25,45-54,Delhi,7,Website Traffic,4.51,5.49,3.91,1586.03
CAMP_0332,YouTube,68732.16,281116,5164,7090,167,61,183430.92,18-24,Delhi,29,Lead Generation,1.84,1.18,13.31,166.88
CAMP_0333,Google Ads,68120.26,184872,10233,20566,738,617,1153224.59,55+,Bangalore,6,Sales,5.54,6.03,6.66,1592.92
CAMP_0334,Google Ads,48011.66,174361,10237,20918,784,538,2277378.43,35-44,Mumbai,11,Website Traffic,5.87,5.26,4.69,4643.39
CAMP_0335,Google Ads,84376.32,242591,11766,14871,1058,592,1150317.09,45-54,Delhi,24,Lead Generation,4.85,5.03,7.17,1263.32
CAMP_0336,Google Ads,96353.21,304336,17133,43199,1125,473,1104164.82,45-54,Chennai,29,Sales,5.63,2.76,5.62,1045.96
CAMP_0337,YouTube,78632.77,329723,8057,16046,347,247,969831.87,45-54,Chennai,12,Brand Awareness,2.44,3.07,9.76,1133.37
CAMP_0338,Facebook,64083.99,327184,8254,14483,350,221,547591.26,45-54,Delhi,18,Website Traffic,2.52,2.68,7.76,754.49
CAMP_0339,Instagram,62645.33,360503,10076,17232,437,308,541551.5,45-54,Coimbatore,12,Lead Generation,2.79,3.06,6.22,764.47
CAMP_0340,Google Ads,85699.64,280749,13302,34296,1012,566,1625076.31,55+,Mumbai,12,Brand Awareness,4.74,4.25,6.44,1796.25
CAMP_0341,Instagram,56414.36,271571,6588,9979,329,126,494420.01,35-44,Chennai,21,Sales,2.43,1.91,8.56,776.41
CAMP_0342,Instagram,81366.69,492116,18168,26465,802,407,1000991.84,45-54,Delhi,12,Sales,3.69,2.24,4.48,1130.22
CAMP_0343,Google Ads,53344.1,159678,7667,11816,584,296,408005.97,25-34,Chennai,8,Sales,4.8,3.86,6.96,664.86
CAMP_0344,Instagram,10932.21,55474,1516,3335,74,26,59256.94,25-34,Delhi,19,Website Traffic,2.73,1.72,7.21,442.04
CAMP_0345,Instagram,41474.97,209252,7334,18317,305,108,468299.93,35-44,Mumbai,7,Lead Generation,3.5,1.47,5.66,1029.11
CAMP_0346,Facebook,47221.89,315707,8823,15260,385,198,229537.01,18-24,Delhi,28,Brand Awareness,2.79,2.24,5.35,386.08
CAMP_0347,Facebook,18453.64,97585,2474,3655,81,58,137483.35,18-24,Bangalore,8,Lead Generation,2.54,2.34,7.46,645.02
CAMP_0348,Google Ads,14737.15,41477,2614,4012,357,236,762965.26,18-24,Delhi,29,Website Traffic,6.3,9.03,5.64,5077.16
CAMP_0349,Instagram,55869.17,321101,9229,20218,463,217,256638.05,25-34,Delhi,26,Lead Generation,2.87,2.35,6.05,359.36
CAMP_0350,Facebook,13088.65,83759,1426,2273,72,47,100665.97,18-24,Mumbai,29,Website Traffic,1.7,3.3,9.18,669.11
CAMP_0351,Instagram,33779.79,172322,6838,17804,237,160,685773.13,55+,Delhi,17,Sales,3.97,2.34,4.94,1930.13
CAMP_0352,YouTube,75736.71,379684,6785,9270,161,98,99008.27,45-54,Mumbai,27,Brand Awareness,1.79,1.44,11.16,30.73
CAMP_0353,Facebook,96621.06,550109,13410,16786,811,495,1785104.03,25-34,Bangalore,29,Sales,2.44,3.69,7.21,1747.53
CAMP_0354,Google Ads,73197.71,224927,10780,14460,1383,740,2907422.91,35-44,Mumbai,21,Lead Generation,4.79,6.86,6.79,3872.01
CAMP_0355,Google Ads,99299.43,301847,16780,42840,1486,612,1161220.19,35-44,Chennai,20,Sales,5.56,3.65,5.92,1069.41
CAMP_0356,Facebook,71342.11,433865,11549,25892,698,379,634056.29,45-54,Mumbai,6,Brand Awareness,2.66,3.28,6.18,788.75
CAMP_0357,Google Ads,32910.47,101238,6558,17919,285,149,624809.93,25-34,Bangalore,10,Sales,6.48,2.27,5.02,1798.51
CAMP_0358,Facebook,68844.99,422529,15334,26652,790,510,1861707.11,18-24,Hyderabad,29,Brand Awareness,3.63,3.33,4.49,2604.2
CAMP_0359,LinkedIn,71704.89,156316,2470,3805,129,100,130817.06,18-24,Delhi,18,Brand Awareness,1.58,4.05,29.03,82.44
CAMP_0360,Facebook,40314.06,248296,5778,12129,219,118,196341.39,55+,Mumbai,26,Sales,2.33,2.04,6.98,387.03
CAMP_0361,Instagram,6682.82,40350,1170,2411,61,43,134885.78,55+,Delhi,21,Website Traffic,2.9,3.68,5.71,1918.4
CAMP_0362,Facebook,71803.98,440431,13307,28552,656,496,1195310.87,18-24,Coimbatore,22,Lead Generation,3.02,3.73,5.4,1564.69
CAMP_0363,Instagram,7061.51,41402,1297,2278,43,20,54300.55,35-44,Chennai,5,Website Traffic,3.13,1.54,5.44,668.97
CAMP_0364,Facebook,64962.87,410849,10468,12660,501,401,1734546.66,35-44,Chennai,12,Website Traffic,2.55,3.83,6.21,2570.06
CAMP_0365,LinkedIn,20543.57,46990,648,814,30,12,28954.17,55+,Coimbatore,4,Sales,1.38,1.85,31.7,40.94
CAMP_0366,Instagram,58732.34,346597,6681,15113,386,309,1258883.05,45-54,Coimbatore,6,Lead Generation,1.93,4.63,8.79,2043.42
CAMP_0367,LinkedIn,52871.74,106775,1574,3207,84,36,118032.52,18-24,Mumbai,8,Lead Generation,1.47,2.29,33.59,123.24
CAMP_0368,LinkedIn,6283.8,14665,324,814,17,9,12040.47,55+,Coimbatore,13,Website Traffic,2.21,2.78,19.39,91.61
CAMP_0369,Google Ads,39472.25,121257,7193,12089,504,329,1177894.13,55+,Hyderabad,16,Sales,5.93,4.57,5.49,2884.11
CAMP_0370,Google Ads,62103.66,179153,9514,23830,519,417,1156237.86,18-24,Delhi,18,Lead Generation,5.31,4.38,6.53,1761.79
CAMP_0371,Google Ads,85617.62,284160,17682,33256,1119,535,915037.3,18-24,Delhi,29,Website Traffic,6.22,3.03,4.84,968.75
CAMP_0372,Google Ads,89421.0,269931,11405,15451,935,684,1328586.25,35-44,Bangalore,23,Lead Generation,4.23,6.0,7.84,1385.77
CAMP_0373,Google Ads,50965.75,164078,9116,25203,723,510,1482262.33,45-54,Coimbatore,21,Sales,5.56,5.59,5.59,2808.35
CAMP_0374,Facebook,74200.14,363119,6898,13928,232,100,306612.9,45-54,Coimbatore,4,Sales,1.9,1.45,10.76,313.22
CAMP_0375,Google Ads,35063.18,115937,6774,14951,636,375,1644538.15,18-24,Hyderabad,27,Sales,5.84,5.54,5.18,4590.21
CAMP_0376,Instagram,37507.71,251553,8426,19155,209,123,489170.08,25-34,Chennai,19,Lead Generation,3.35,1.46,4.45,1204.19
CAMP_0377,YouTube,23474.03,106635,2354,4190,91,46,75486.99,55+,Chennai,11,Brand Awareness,2.21,1.95,9.97,221.58
CAMP_0378,Google Ads,58385.07,178606,11888,28484,949,702,2587832.76,55+,Delhi,19,Lead Generation,6.66,5.91,4.91,4332.35
CAMP_0379,YouTube,34883.59,152710,3655,9475,93,76,70668.64,18-24,Delhi,17,Brand Awareness,2.39,2.08,9.54,102.58
CAMP_0380,Instagram,13015.24,75521,1891,3441,105,74,101180.97,25-34,Mumbai,9,Sales,2.5,3.91,6.88,677.4
CAMP_0381,Google Ads,70075.58,213659,14253,32086,1192,997,1614064.73,35-44,Hyderabad,24,Website Traffic,6.67,7.0,4.92,2203.32
CAMP_0382,Facebook,72236.55,474867,12795,30854,726,272,829577.61,18-24,Bangalore,25,Brand Awareness,2.69,2.13,5.65,1048.42
CAMP_0383,Facebook,39199.28,278755,5037,7577,220,81,129670.15,18-24,Bangalore,21,Sales,1.81,1.61,7.78,230.8
CAMP_0384,YouTube,12288.72,59616,1227,2125,50,40,88599.3,55+,Hyderabad,5,Sales,2.06,3.26,10.02,620.98
CAMP_0385,Facebook,45498.28,280391,8765,12044,395,316,560586.28,18-24,Bangalore,29,Brand Awareness,3.13,3.61,5.19,1132.1
CAMP_0386,YouTube,47021.87,194662,3342,7231,73,29,61326.3,18-24,Chennai,3,Website Traffic,1.72,0.87,14.07,30.42
CAMP_0387,Instagram,68523.73,368255,14611,36257,719,380,1631273.58,18-24,Bangalore,6,Sales,3.97,2.6,4.69,2280.6
CAMP_0388,Google Ads,34964.56,107860,4946,10769,319,245,1100185.94,55+,Bangalore,30,Brand Awareness,4.59,4.95,7.07,3046.57
CAMP_0389,YouTube,69846.93,283995,5447,8103,191,79,266119.37,35-44,Hyderabad,20,Website Traffic,1.92,1.45,12.82,281.0
CAMP_0390,YouTube,87791.41,433751,8019,16633,256,124,367078.23,35-44,Hyderabad,28,Website Traffic,1.85,1.55,10.95,318.13
CAMP_0391,LinkedIn,27561.17,64035,798,2024,76,52,179421.44,18-24,Bangalore,10,Sales,1.25,6.52,34.54,550.99
CAMP_0392,Instagram,97997.36,498759,13107,22077,715,601,2210446.7,55+,Coimbatore,21,Lead Generation,2.63,4.59,7.48,2155.62
CAMP_0393,Instagram,41704.97,198716,5544,14039,393,294,1046771.09,35-44,Hyderabad,25,Lead Generation,2.79,5.3,7.52,2409.94
CAMP_0394,YouTube,30389.58,146067,2996,7356,95,70,83636.92,35-44,Mumbai,25,Sales,2.05,2.34,10.14,175.22
CAMP_0395,Instagram,45043.56,217343,3197,3948,145,76,153296.28,35-44,Mumbai,30,Website Traffic,1.47,2.38,14.09,240.33
CAMP_0396,LinkedIn,13967.76,31248,635,1005,33,22,46999.77,55+,Chennai,27,Sales,2.03,3.46,22.0,236.49
CAMP_0397,YouTube,16942.06,74486,1763,3647,81,33,73567.43,55+,Bangalore,8,Brand Awareness,2.37,1.87,9.61,334.23
CAMP_0398,Instagram,44371.23,262283,10178,23900,440,372,795905.01,18-24,Coimbatore,3,Lead Generation,3.88,3.65,4.36,1693.74
CAMP_0399,YouTube,77432.23,374816,5758,15022,163,96,358419.1,45-54,Chennai,10,Brand Awareness,1.54,1.67,13.45,362.88
CAMP_0400,YouTube,90529.66,384462,7648,17022,310,208,747006.38,35-44,Bangalore,3,Sales,1.99,2.72,11.84,725.15
CAMP_0401,Google Ads,68157.71,228123,14673,26537,1237,975,893647.06,45-54,Hyderabad,21,Sales,6.43,6.64,4.65,1211.15
CAMP_0402,LinkedIn,14995.86,32552,694,1038,43,15,29504.6,55+,Mumbai,13,Website Traffic,2.13,2.16,21.61,96.75
CAMP_0403,Instagram,68841.88,383035,15520,37497,512,429,1349286.14,55+,Delhi,23,Website Traffic,4.05,2.76,4.44,1859.98
CAMP_0404,YouTube,65365.65,298055,6375,9759,322,171,227935.52,55+,Coimbatore,26,Website Traffic,2.14,2.68,10.25,248.71
CAMP_0405,Instagram,81547.57,534523,16932,39158,864,449,519184.92,45-54,Delhi,27,Brand Awareness,3.17,2.65,4.82,536.67
CAMP_0406,YouTube,83398.62,375464,5674,8454,315,133,516337.02,55+,Mumbai,17,Website Traffic,1.51,2.34,14.7,519.12
CAMP_0407,Instagram,87479.29,420993,16054,21604,1139,887,2243811.42,18-24,Delhi,25,Sales,3.81,5.53,5.45,2464.96
CAMP_0408,Google Ads,44342.49,130647,6590,10556,674,529,2105671.02,55+,Hyderabad,27,Website Traffic,5.04,8.03,6.73,4648.65
CAMP_0409,LinkedIn,71297.12,167793,3039,5032,199,72,278264.87,25-34,Bangalore,13,Lead Generation,1.81,2.37,23.46,290.29
CAMP_0410,Google Ads,30483.78,93097,5090,11379,204,77,316942.31,45-54,Hyderabad,21,Website Traffic,5.47,1.51,5.99,939.71
CAMP_0411,Instagram,99936.95,555870,10121,14750,526,426,457433.87,25-34,Delhi,23,Brand Awareness,1.82,4.21,9.87,357.72
CAMP_0412,LinkedIn,21656.75,46463,714,1920,48,20,31401.36,55+,Hyderabad,12,Lead Generation,1.54,2.8,30.33,45.0
CAMP_0413,LinkedIn,5960.87,10262,200,417,16,11,21627.27,18-24,Mumbai,26,Lead Generation,1.95,5.5,29.8,262.82
CAMP_0414,Facebook,19136.83,112161,3113,6181,161,106,147385.52,35-44,Coimbatore,14,Lead Generation,2.78,3.41,6.15,670.17
CAMP_0415,Facebook,78707.87,488882,14827,28105,440,345,913453.52,55+,Hyderabad,3,Brand Awareness,3.03,2.33,5.31,1060.56
CAMP_0416,Instagram,47444.45,226268,8262,17404,350,223,842118.65,18-24,Mumbai,26,Sales,3.65,2.7,5.74,1674.96
CAMP_0417,Instagram,47512.52,239065,6516,8053,257,146,631341.16,45-54,Coimbatore,9,Website Traffic,2.73,2.24,7.29,1228.79
CAMP_0418,Instagram,95727.18,517352,15020,41818,653,547,2244049.39,25-34,Bangalore,19,Lead Generation,2.9,3.64,6.37,2244.21
CAMP_0419,Facebook,92365.32,561982,15336,32084,775,360,916708.34,25-34,Delhi,28,Lead Generation,2.73,2.35,6.02,892.48
CAMP_0420,YouTube,34563.5,162064,3877,4871,135,65,207438.92,25-34,Bangalore,30,Lead Generation,2.39,1.68,8.92,500.17
CAMP_0421,YouTube,24860.52,110500,2223,4766,66,26,44993.16,45-54,Chennai,12,Sales,2.01,1.17,11.18,80.98
CAMP_0422,YouTube,85605.81,400250,5711,10847,192,161,378484.02,18-24,Mumbai,30,Sales,1.43,2.82,14.99,342.12
CAMP_0423,Google Ads,91071.81,268661,14249,17647,761,535,2159397.68,45-54,Coimbatore,8,Brand Awareness,5.3,3.75,6.39,2271.09
CAMP_0424,Instagram,56451.71,318929,11553,30951,502,179,179914.88,25-34,Hyderabad,19,Sales,3.62,1.55,4.89,218.71
CAMP_0425,Google Ads,64795.25,226315,15488,18847,1622,1139,3209626.12,55+,Bangalore,20,Website Traffic,6.84,7.35,4.18,4853.49
CAMP_0426,Facebook,29406.86,188042,5531,11751,255,141,569932.42,35-44,Coimbatore,7,Brand Awareness,2.94,2.55,5.32,1838.09
CAMP_0427,Instagram,81076.26,441955,10360,28375,472,394,527658.81,45-54,Mumbai,20,Brand Awareness,2.34,3.8,7.83,550.82
CAMP_0428,YouTube,65051.63,273389,5321,8408,180,88,390470.64,45-54,Chennai,28,Website Traffic,1.95,1.65,12.23,500.25
CAMP_0429,Instagram,52833.78,295563,10267,16496,469,331,312665.67,18-24,Bangalore,19,Website Traffic,3.47,3.22,5.15,491.79
CAMP_0430,Google Ads,10710.31,32886,2091,2511,151,100,409003.2,18-24,Delhi,24,Website Traffic,6.36,4.78,5.12,3718.78
CAMP_0431,Google Ads,92013.82,300471,18034,23555,1147,408,886674.28,45-54,Coimbatore,18,Brand Awareness,6.0,2.26,5.1,863.63
CAMP_0432,YouTube,63467.88,246442,4941,6284,277,220,303090.94,25-34,Delhi,10,Brand Awareness,2.0,4.45,12.85,377.55
CAMP_0433,Facebook,23305.65,143468,4638,11670,136,57,83589.9,35-44,Coimbatore,26,Brand Awareness,3.23,1.23,5.02,258.67
CAMP_0434,Google Ads,62606.68,202208,9839,24979,1038,708,2424364.32,18-24,Coimbatore,15,Website Traffic,4.87,7.2,6.36,3772.37
CAMP_0435,Google Ads,69359.02,218990,12445,29404,704,519,2093952.64,25-34,Mumbai,26,Website Traffic,5.68,4.17,5.57,2919.01
CAMP_0436,Facebook,54948.18,334290,10623,18743,433,288,923857.6,55+,Mumbai,18,Lead Generation,3.18,2.71,5.17,1581.33
CAMP_0437,Google Ads,73219.67,222472,13506,33954,1518,605,2567262.99,18-24,Mumbai,13,Sales,6.07,4.48,5.42,3406.25
CAMP_0438,YouTube,60238.13,249740,5810,11990,239,200,786584.73,25-34,Hyderabad,8,Lead Generation,2.33,3.44,10.37,1205.79
CAMP_0439,Facebook,95038.11,611992,18906,31892,1111,520,484907.54,25-34,Coimbatore,29,Website Traffic,3.09,2.75,5.03,410.22
CAMP_0440,Google Ads,10101.22,32639,1456,2766,116,77,254865.9,35-44,Bangalore,5,Brand Awareness,4.46,5.29,6.94,2423.12
CAMP_0441,Google Ads,15093.34,41835,2308,3012,120,90,179701.64,35-44,Delhi,3,Website Traffic,5.52,3.9,6.54,1090.6
CAMP_0442,LinkedIn,21498.81,50698,763,2069,46,38,96375.6,55+,Mumbai,20,Sales,1.5,4.98,28.18,348.28
CAMP_0443,Instagram,70566.25,371504,11269,24686,717,467,578384.49,25-34,Mumbai,7,Lead Generation,3.03,4.14,6.26,719.63
CAMP_0444,Instagram,66331.61,357424,9031,21403,432,207,396520.3,25-34,Delhi,15,Lead Generation,2.53,2.29,7.34,497.78
CAMP_0445,YouTube,89745.59,468436,10448,23848,484,372,1182093.05,35-44,Delhi,12,Brand Awareness,2.23,3.56,8.59,1217.16
CAMP_0446,LinkedIn,74623.36,187081,2176,4936,164,71,119718.47,18-24,Coimbatore,7,Lead Generation,1.16,3.26,34.29,60.43
CAMP_0447,LinkedIn,53293.77,104725,2094,2571,158,57,184174.52,18-24,Mumbai,28,Lead Generation,2.0,2.72,25.45,245.58
CAMP_0448,YouTube,99224.02,404870,8526,17398,351,282,1190862.26,45-54,Delhi,16,Website Traffic,2.11,3.31,11.64,1100.18
CAMP_0449,Instagram,30280.26,154080,6619,16645,320,204,187228.16,35-44,Hyderabad,19,Lead Generation,4.3,3.08,4.57,518.32
CAMP_0450,Google Ads,84153.21,296350,15699,19957,826,318,1185750.32,45-54,Hyderabad,3,Lead Generation,5.3,2.03,5.36,1309.04
CAMP_0451,YouTube,45545.09,196967,3984,10876,71,45,144393.66,35-44,Mumbai,27,Lead Generation,2.02,1.13,11.43,217.03
CAMP_0452,Facebook,66629.84,367325,11549,21697,825,349,372689.4,55+,Delhi,4,Brand Awareness,3.14,3.02,5.77,459.34
CAMP_0453,Instagram,74090.5,452197,14089,23442,515,188,703985.12,25-34,Coimbatore,9,Brand Awareness,3.12,1.33,5.26,850.17
CAMP_0454,LinkedIn,65206.64,151789,2867,5880,143,58,99079.99,55+,Coimbatore,12,Website Traffic,1.89,2.02,22.74,51.95
CAMP_0455,Google Ads,18348.19,67663,4388,10891,274,202,375104.7,35-44,Coimbatore,22,Lead Generation,6.49,4.6,4.18,1944.37
CAMP_0456,Instagram,47080.35,273943,8344,16351,324,236,291850.92,25-34,Chennai,9,Brand Awareness,3.05,2.83,5.64,519.9
CAMP_0457,Google Ads,58336.65,181837,12153,27128,1224,798,2253366.33,18-24,Mumbai,26,Brand Awareness,6.68,6.57,4.8,3762.69
CAMP_0458,Instagram,85659.16,485505,10840,21679,741,337,907745.04,18-24,Coimbatore,18,Website Traffic,2.23,3.11,7.9,959.72
CAMP_0459,Google Ads,47146.35,141993,10064,22242,636,458,984621.33,45-54,Hyderabad,7,Sales,7.09,4.55,4.68,1988.44
CAMP_0460,Google Ads,92280.99,318496,11879,16878,627,347,523107.26,35-44,Delhi,30,Lead Generation,3.73,2.92,7.77,466.86
CAMP_0461,Google Ads,46835.55,162265,11097,14003,1026,621,2432228.97,35-44,Bangalore,14,Brand Awareness,6.84,5.6,4.22,5093.13
CAMP_0462,Facebook,57134.09,311869,5799,8229,128,102,413606.16,18-24,Bangalore,19,Website Traffic,1.86,1.76,9.85,623.92
CAMP_0463,Facebook,80647.14,542051,20588,34121,1217,705,2006491.05,55+,Coimbatore,18,Website Traffic,3.8,3.42,3.92,2387.99
CAMP_0464,Facebook,60391.43,345105,9943,15962,569,377,670762.62,25-34,Bangalore,22,Website Traffic,2.88,3.79,6.07,1010.69
CAMP_0465,LinkedIn,96220.72,255113,3811,8324,210,174,216803.35,55+,Bangalore,28,Brand Awareness,1.49,4.57,25.25,125.32
CAMP_0466,Instagram,67731.9,421956,18036,34799,1436,827,3330129.7,55+,Chennai,18,Lead Generation,4.27,4.59,3.76,4816.63
CAMP_0467,Instagram,54657.4,276007,7101,8962,256,161,200572.16,18-24,Hyderabad,21,Sales,2.57,2.27,7.7,266.96
CAMP_0468,YouTube,7241.24,33544,676,849,28,18,17054.07,18-24,Hyderabad,28,Lead Generation,2.02,2.66,10.71,135.51
CAMP_0469,Google Ads,44304.63,149452,12074,16239,891,419,1085139.31,18-24,Chennai,17,Website Traffic,8.08,3.47,3.67,2349.27
CAMP_0470,LinkedIn,33428.6,70579,1361,2402,116,83,293203.78,45-54,Chennai,14,Website Traffic,1.93,6.1,24.56,777.1
CAMP_0471,Google Ads,76070.04,211734,7399,8952,563,402,1023947.55,55+,Bangalore,23,Sales,3.49,5.43,10.28,1246.06
CAMP_0472,LinkedIn,24786.38,55529,950,1891,46,21,22786.64,35-44,Mumbai,12,Lead Generation,1.71,2.21,26.09,-8.07
CAMP_0473,Google Ads,24495.91,75574,3886,6906,344,123,416244.89,25-34,Delhi,28,Website Traffic,5.14,3.17,6.3,1599.24
CAMP_0474,YouTube,23004.31,96917,2104,4395,94,80,256991.79,45-54,Delhi,24,Website Traffic,2.17,3.8,10.93,1017.15
CAMP_0475,Instagram,16933.48,103378,3282,7724,108,69,231391.99,35-44,Bangalore,4,Lead Generation,3.17,2.1,5.16,1266.48
CAMP_0476,LinkedIn,34545.67,68852,1361,2180,94,41,68073.49,55+,Delhi,9,Website Traffic,1.98,3.01,25.38,97.05
CAMP_0477,Google Ads,89162.6,276229,11014,15985,1087,535,2014015.14,18-24,Chennai,15,Lead Generation,3.99,4.86,8.1,2158.81
CAMP_0478,Facebook,78618.2,498511,12582,20696,671,442,1160252.46,55+,Hyderabad,5,Website Traffic,2.52,3.51,6.25,1375.81
CAMP_0479,LinkedIn,74848.87,170442,3240,3897,162,68,192499.17,25-34,Delhi,17,Lead Generation,1.9,2.1,23.1,157.18
CAMP_0480,Instagram,80747.0,489172,13506,18801,361,133,381043.41,45-54,Bangalore,3,Sales,2.76,0.98,5.98,371.9
CAMP_0481,Facebook,30594.7,187545,6287,15097,407,305,589413.47,45-54,Mumbai,28,Website Traffic,3.35,4.85,4.87,1826.52
CAMP_0482,Facebook,89306.96,441917,10721,16687,584,413,743599.39,25-34,Bangalore,5,Sales,2.43,3.85,8.33,732.63
CAMP_0483,Instagram,18043.82,97142,3189,8900,138,70,64201.06,35-44,Coimbatore,27,Website Traffic,3.28,2.2,5.66,255.81
CAMP_0484,Facebook,36952.84,244363,6713,9858,362,137,318908.22,35-44,Bangalore,12,Website Traffic,2.75,2.04,5.5,763.01
CAMP_0485,Facebook,60741.07,375254,8588,21144,266,158,418126.58,45-54,Chennai,29,Brand Awareness,2.29,1.84,7.07,588.38
CAMP_0486,LinkedIn,14775.98,32476,591,1376,49,24,85778.24,45-54,Hyderabad,29,Lead Generation,1.82,4.06,25.0,480.52
CAMP_0487,Google Ads,74362.37,242165,10174,17453,588,323,368173.83,18-24,Hyderabad,17,Sales,4.2,3.17,7.31,395.11
CAMP_0488,Instagram,41788.37,244379,7196,12443,250,122,515616.15,35-44,Delhi,24,Sales,2.94,1.7,5.81,1133.87
CAMP_0489,LinkedIn,79518.54,151454,2741,5761,152,67,123966.78,25-34,Chennai,29,Sales,1.81,2.44,29.01,55.9
CAMP_0490,YouTube,51825.15,235217,3670,9409,97,53,117670.31,35-44,Coimbatore,8,Lead Generation,1.56,1.44,14.12,127.05
CAMP_0491,Instagram,22183.08,121315,4318,7850,214,178,191190.67,18-24,Chennai,22,Brand Awareness,3.56,4.12,5.14,761.88
CAMP_0492,Facebook,74802.37,470324,13786,17893,424,205,666514.67,45-54,Bangalore,17,Sales,2.93,1.49,5.43,791.03
CAMP_0493,Google Ads,28953.68,76222,4594,8265,217,112,386637.67,45-54,Chennai,26,Lead Generation,6.03,2.44,6.3,1235.37
CAMP_0494,Google Ads,51626.98,178411,9817,15037,889,457,1939347.31,18-24,Chennai,23,Website Traffic,5.5,4.66,5.26,3656.46
CAMP_0495,Instagram,12175.66,67679,1717,4641,80,47,99291.47,25-34,Coimbatore,9,Sales,2.54,2.74,7.09,715.49
CAMP_0496,Instagram,63697.33,365906,11709,27114,709,547,999110.5,45-54,Bangalore,27,Sales,3.2,4.67,5.44,1468.53
CAMP_0497,Facebook,68256.49,486873,15161,19426,632,348,1222841.17,55+,Mumbai,23,Brand Awareness,3.11,2.3,4.5,1691.54
CAMP_0498,Google Ads,40974.05,132496,5726,9555,331,249,857676.32,45-54,Mumbai,29,Sales,4.32,4.35,7.16,1993.22
CAMP_0499,LinkedIn,95670.16,186410,2684,3436,135,55,235050.56,55+,Hyderabad,7,Sales,1.44,2.05,35.64,145.69
CAMP_0500,LinkedIn,88046.05,194305,3343,8451,199,159,260624.38,18-24,Delhi,6,Website Traffic,1.72,4.76,26.34,196.01
CAMP_0501,Facebook,72254.39,475972,12436,32956,721,319,1097058.05,18-24,Chennai,24,Lead Generation,2.61,2.57,5.81,1418.33
CAMP_0502,Facebook,72796.95,457042,12760,17604,573,212,241834.1,45-54,Hyderabad,20,Lead Generation,2.79,1.66,5.71,232.2
CAMP_0503,Instagram,28978.16,182972,5548,10566,278,119,312889.7,35-44,Coimbatore,5,Brand Awareness,3.03,2.14,5.22,979.74
CAMP_0504,YouTube,67397.45,285374,6165,16590,223,99,131650.87,55+,Mumbai,19,Website Traffic,2.16,1.61,10.93,95.34
CAMP_0505,Facebook,23829.6,163770,5594,8013,271,164,533217.39,25-34,Chennai,20,Lead Generation,3.42,2.93,4.26,2137.63
CAMP_0506,Google Ads,18680.31,62294,3758,6265,303,174,533358.78,45-54,Coimbatore,20,Website Traffic,6.03,4.63,4.97,2755.19
CAMP_0507,LinkedIn,99949.45,223687,4067,6860,310,219,235599.88,25-34,Delhi,26,Lead Generation,1.82,5.38,24.58,135.72
CAMP_0508,YouTube,64125.71,299207,5032,6280,219,82,168151.18,45-54,Coimbatore,26,Website Traffic,1.68,1.63,12.74,162.22
CAMP_0509,LinkedIn,45943.85,94112,1474,1854,98,59,137005.14,35-44,Chennai,4,Brand Awareness,1.57,4.0,31.17,198.2
CAMP_0510,Facebook,32375.63,197374,6364,17339,276,142,254608.41,35-44,Delhi,15,Sales,3.22,2.23,5.09,686.42
CAMP_0511,Facebook,62372.44,407826,10456,22101,322,214,222391.4,35-44,Coimbatore,24,Brand Awareness,2.56,2.05,5.97,256.55
CAMP_0512,Instagram,9711.38,53308,1409,2382,88,33,67576.04,35-44,Delhi,17,Lead Generation,2.64,2.34,6.89,595.84
CAMP_0513,LinkedIn,13994.69,31249,775,1400,37,14,52548.3,18-24,Chennai,7,Brand Awareness,2.48,1.81,18.06,275.49
CAMP_0514,YouTube,8121.39,39846,1066,2498,51,29,63695.39,18-24,Chennai,5,Sales,2.68,2.72,7.62,684.29
CAMP_0515,Google Ads,52421.13,138821,7464,13334,747,564,1164169.95,55+,Delhi,7,Brand Awareness,5.38,7.56,7.02,2120.8
CAMP_0516,Google Ads,62057.63,199661,8841,13831,547,375,1608866.74,25-34,Bangalore,7,Lead Generation,4.43,4.24,7.02,2492.54
CAMP_0517,Instagram,10935.58,69388,2510,3421,99,35,36745.47,45-54,Hyderabad,7,Lead Generation,3.62,1.39,4.36,236.02
CAMP_0518,YouTube,73516.32,324090,6206,14685,180,79,289316.76,45-54,Coimbatore,5,Brand Awareness,1.91,1.27,11.85,293.54
CAMP_0519,LinkedIn,26887.53,53802,1123,1672,68,32,84452.38,18-24,Coimbatore,5,Sales,2.09,2.85,23.94,214.09
CAMP_0520,Google Ads,70094.14,212226,10645,13960,807,453,1947929.46,45-54,Bangalore,22,Brand Awareness,5.02,4.26,6.58,2679.02
CAMP_0521,Facebook,98280.23,539702,19587,36885,557,358,829305.1,18-24,Bangalore,25,Sales,3.63,1.83,5.02,743.82
CAMP_0522,Instagram,70655.06,399615,11594,14647,602,276,951910.87,55+,Bangalore,30,Website Traffic,2.9,2.38,6.09,1247.26
CAMP_0523,LinkedIn,88903.34,196398,5040,13830,275,149,171613.33,25-34,Mumbai,30,Sales,2.57,2.96,17.64,93.03
CAMP_0524,YouTube,95078.86,443197,9634,21230,266,171,725652.31,55+,Mumbai,30,Website Traffic,2.17,1.77,9.87,663.21
CAMP_0525,YouTube,51241.35,230470,6046,8732,194,105,224737.13,35-44,Delhi,20,Brand Awareness,2.62,1.74,8.48,338.59
CAMP_0526,Instagram,71720.87,404694,11691,17255,686,289,805274.36,35-44,Mumbai,28,Sales,2.89,2.47,6.13,1022.79
CAMP_0527,Instagram,85937.08,494634,12092,25535,769,458,640528.48,35-44,Chennai,22,Website Traffic,2.44,3.79,7.11,645.35
CAMP_0528,Google Ads,38877.85,109853,3534,6257,268,137,589649.14,55+,Delhi,6,Website Traffic,3.22,3.88,11.0,1416.67
CAMP_0529,Google Ads,29832.75,95809,6480,15804,671,525,1744414.06,45-54,Coimbatore,3,Website Traffic,6.76,8.1,4.6,5747.31
CAMP_0530,YouTube,94926.86,481476,10235,21220,323,238,260422.2,25-34,Hyderabad,28,Lead Generation,2.13,2.33,9.27,174.34
CAMP_0531,YouTube,73998.83,310480,5056,9573,215,96,140039.46,35-44,Chennai,18,Brand Awareness,1.63,1.9,14.64,89.25
CAMP_0532,LinkedIn,25869.8,58906,1312,3596,97,41,95915.5,35-44,Coimbatore,10,Website Traffic,2.23,3.12,19.72,270.76
CAMP_0533,LinkedIn,47662.92,116888,2542,4640,149,78,131069.3,35-44,Coimbatore,19,Sales,2.17,3.07,18.75,174.99
CAMP_0534,Facebook,80662.92,457559,16000,29456,676,376,750741.17,25-34,Delhi,10,Website Traffic,3.5,2.35,5.04,830.71
CAMP_0535,YouTube,56970.98,275488,4390,9944,190,155,696100.07,35-44,Bangalore,9,Lead Generation,1.59,3.53,12.98,1121.85
CAMP_0536,LinkedIn,66745.45,145689,3211,8012,138,69,225708.34,25-34,Bangalore,27,Brand Awareness,2.2,2.15,20.79,238.16
CAMP_0537,YouTube,76607.98,376391,8451,18609,286,224,945276.27,35-44,Chennai,10,Lead Generation,2.25,2.65,9.06,1133.91
CAMP_0538,Google Ads,64090.87,187074,12933,29976,1153,695,1715867.53,55+,Bangalore,23,Lead Generation,6.91,5.37,4.96,2577.24
CAMP_0539,Instagram,56307.54,312593,10980,19728,581,461,1593684.48,55+,Coimbatore,26,Lead Generation,3.51,4.2,5.13,2730.32
CAMP_0540,Google Ads,76213.36,209234,11866,23343,825,578,1476723.56,25-34,Bangalore,29,Sales,5.67,4.87,6.42,1837.62
CAMP_0541,LinkedIn,74118.49,170470,3764,5703,375,264,549544.61,55+,Mumbai,28,Brand Awareness,2.21,7.01,19.69,641.44
CAMP_0542,Facebook,64837.88,419784,13556,31021,419,255,706100.95,25-34,Bangalore,14,Brand Awareness,3.23,1.88,4.78,989.03
CAMP_0543,Google Ads,39179.99,127735,8393,13045,569,438,1067984.05,55+,Coimbatore,18,Sales,6.57,5.22,4.67,2625.84
CAMP_0544,Facebook,43552.15,282906,7225,8685,365,174,770810.66,55+,Delhi,14,Brand Awareness,2.55,2.41,6.03,1669.86
CAMP_0545,Facebook,97191.66,603022,16361,44077,372,299,803173.52,25-34,Chennai,21,Lead Generation,2.71,1.83,5.94,726.38
CAMP_0546,Instagram,15676.66,76797,1691,2857,93,62,236840.45,45-54,Hyderabad,12,Brand Awareness,2.2,3.67,9.27,1410.78
CAMP_0547,Google Ads,30507.97,102904,5089,7708,211,120,396066.01,55+,Bangalore,9,Sales,4.95,2.36,5.99,1198.24
CAMP_0548,Facebook,51778.17,322619,10319,16810,403,339,890437.08,35-44,Coimbatore,14,Lead Generation,3.2,3.29,5.02,1619.72
CAMP_0549,Instagram,84489.32,484161,17067,29504,783,612,1595447.44,45-54,Hyderabad,22,Sales,3.53,3.59,4.95,1788.34
CAMP_0550,YouTube,20549.19,92021,1592,3119,36,26,55400.91,25-34,Hyderabad,7,Website Traffic,1.73,1.63,12.91,169.6
CAMP_0551,Instagram,31310.69,201206,7925,10389,345,168,215902.6,45-54,Mumbai,18,Lead Generation,3.94,2.12,3.95,589.55
CAMP_0552,YouTube,11250.83,48818,1574,2021,40,33,120162.56,18-24,Hyderabad,11,Lead Generation,3.22,2.1,7.15,968.03
CAMP_0553,Facebook,72068.6,428588,10051,16772,556,401,1686261.64,18-24,Delhi,9,Brand Awareness,2.35,3.99,7.17,2239.8
CAMP_0554,Facebook,27629.9,151113,4074,6817,204,133,224056.78,55+,Coimbatore,22,Lead Generation,2.7,3.26,6.78,710.92
CAMP_0555,YouTube,41924.1,192285,3586,4978,121,98,414777.61,55+,Coimbatore,24,Sales,1.86,2.73,11.69,889.35
CAMP_0556,Instagram,47151.64,300899,9464,17486,525,226,392402.71,35-44,Bangalore,28,Brand Awareness,3.15,2.39,4.98,732.21
CAMP_0557,Google Ads,89674.82,283037,16335,27025,902,378,1061531.64,45-54,Bangalore,16,Website Traffic,5.77,2.31,5.49,1083.76
CAMP_0558,Google Ads,44076.38,140241,6745,8375,642,406,867637.91,18-24,Bangalore,13,Sales,4.81,6.02,6.53,1868.49
CAMP_0559,YouTube,18796.38,92090,1837,4808,51,19,24932.4,55+,Delhi,9,Website Traffic,1.99,1.03,10.23,32.64
CAMP_0560,Facebook,54809.92,347004,9869,25833,249,170,185337.09,45-54,Hyderabad,12,Website Traffic,2.84,1.72,5.55,238.15
CAMP_0561,Facebook,96481.01,660861,20075,30809,1009,475,1052242.57,55+,Hyderabad,11,Website Traffic,3.04,2.37,4.81,990.62
CAMP_0562,Google Ads,62730.14,217168,15097,22051,793,325,347892.32,55+,Mumbai,6,Lead Generation,6.95,2.15,4.16,454.59
CAMP_0563,Google Ads,98421.79,292977,16072,33360,1962,1088,1387355.77,18-24,Delhi,18,Sales,5.49,6.77,6.12,1309.6
CAMP_0564,Google Ads,84905.19,234966,11616,25662,1163,678,957519.93,18-24,Bangalore,12,Sales,4.94,5.84,7.31,1027.75
CAMP_0565,Instagram,8416.75,49339,1777,4855,95,41,37182.76,55+,Chennai,21,Lead Generation,3.6,2.31,4.74,341.77
CAMP_0566,Facebook,67547.96,433071,12999,23447,429,159,230821.57,25-34,Mumbai,26,Brand Awareness,3.0,1.22,5.2,241.72
CAMP_0567,Instagram,32242.85,164140,5070,11099,304,169,503316.35,55+,Chennai,19,Website Traffic,3.09,3.33,6.36,1461.02
CAMP_0568,Instagram,58163.6,305603,10633,27700,430,314,1208988.94,55+,Hyderabad,11,Sales,3.48,2.95,5.47,1978.6
CAMP_0569,LinkedIn,31537.79,66265,1111,2133,92,72,114937.05,35-44,Mumbai,15,Lead Generation,1.68,6.48,28.39,264.44
CAMP_0570,Instagram,38142.69,214404,6206,8662,296,118,140554.68,35-44,Mumbai,3,Website Traffic,2.89,1.9,6.15,268.5
CAMP_0571,Instagram,92701.03,556098,11711,21126,541,331,1167189.12,35-44,Coimbatore,4,Brand Awareness,2.11,2.83,7.92,1159.09
CAMP_0572,YouTube,24631.1,121394,2399,3403,86,41,38104.82,25-34,Hyderabad,15,Brand Awareness,1.98,1.71,10.27,54.7
CAMP_0573,Instagram,88040.37,520057,11362,13937,572,307,1087695.96,25-34,Hyderabad,26,Website Traffic,2.18,2.7,7.75,1135.45
CAMP_0574,Facebook,7893.49,48182,1194,2869,57,47,64485.04,55+,Delhi,11,Brand Awareness,2.48,3.94,6.61,716.94
CAMP_0575,YouTube,13633.27,72976,1692,2676,59,31,53376.61,35-44,Mumbai,9,Sales,2.32,1.83,8.06,291.52
CAMP_0576,LinkedIn,86194.13,192052,2520,3032,142,76,101251.13,25-34,Hyderabad,18,Sales,1.31,3.02,34.2,17.47
CAMP_0577,Google Ads,64902.82,196513,10439,27099,788,358,640969.42,18-24,Mumbai,21,Sales,5.31,3.43,6.22,887.58
CAMP_0578,LinkedIn,75987.43,150407,2739,5232,206,171,645257.11,55+,Delhi,9,Brand Awareness,1.82,6.24,27.74,749.16
CAMP_0579,Instagram,24894.68,134458,4118,6515,101,58,79875.21,45-54,Delhi,8,Sales,3.06,1.41,6.05,220.85
CAMP_0580,Google Ads,56022.93,181217,9103,14751,634,403,1805035.5,55+,Coimbatore,20,Lead Generation,5.02,4.43,6.15,3121.96
CAMP_0581,Instagram,75035.83,363966,12329,19540,578,333,691824.81,45-54,Mumbai,21,Sales,3.39,2.7,6.09,821.99
CAMP_0582,LinkedIn,64594.84,132588,2586,3908,140,67,282678.71,35-44,Hyderabad,13,Sales,1.95,2.59,24.98,337.62
CAMP_0583,Instagram,49811.38,266384,8527,21709,670,506,801564.26,45-54,Hyderabad,14,Brand Awareness,3.2,5.93,5.84,1509.2
CAMP_0584,Instagram,96179.46,501185,14809,21807,836,305,480811.48,35-44,Mumbai,28,Sales,2.95,2.06,6.49,399.91
CAMP_0585,Facebook,69234.95,403021,13041,27373,335,233,683903.57,18-24,Mumbai,12,Website Traffic,3.24,1.79,5.31,887.8
CAMP_0586,Google Ads,91236.33,310765,13059,17286,848,549,594106.01,45-54,Mumbai,15,Lead Generation,4.2,4.2,6.99,551.17
CAMP_0587,Google Ads,74328.2,201603,12460,33882,679,287,1085896.19,55+,Bangalore,14,Brand Awareness,6.18,2.3,5.97,1360.95
CAMP_0588,Google Ads,74869.04,237248,14034,30388,1278,553,1372886.04,35-44,Hyderabad,23,Lead Generation,5.92,3.94,5.33,1733.72
CAMP_0589,Google Ads,12601.74,41016,2337,6181,142,97,331459.41,55+,Delhi,12,Website Traffic,5.7,4.15,5.39,2530.27
CAMP_0590,Google Ads,39149.14,117603,6457,11859,557,282,431086.61,25-34,Hyderabad,22,Brand Awareness,5.49,4.37,6.06,1001.14
CAMP_0591,Google Ads,86545.09,265543,9636,24062,762,368,1182195.02,35-44,Bangalore,20,Brand Awareness,3.63,3.82,8.98,1265.99
CAMP_0592,Facebook,27097.37,168809,5907,15156,409,155,470991.43,45-54,Mumbai,6,Sales,3.5,2.62,4.59,1638.14
CAMP_0593,Google Ads,15973.06,52449,3320,7718,240,176,637186.97,35-44,Coimbatore,30,Lead Generation,6.33,5.3,4.81,3889.14
CAMP_0594,Instagram,35980.08,224367,5937,8007,224,177,348804.1,55+,Mumbai,26,Website Traffic,2.65,2.98,6.06,869.44
CAMP_0595,YouTube,25941.6,105799,2525,3095,123,93,396123.83,18-24,Mumbai,7,Website Traffic,2.39,3.68,10.27,1426.98
CAMP_0596,Instagram,92902.38,478292,15826,23259,1117,651,2838805.19,35-44,Bangalore,7,Brand Awareness,3.31,4.11,5.87,2955.69
CAMP_0597,Facebook,87456.83,508740,12750,17709,495,305,1227699.73,45-54,Hyderabad,30,Sales,2.51,2.39,6.86,1303.78
CAMP_0598,Google Ads,52469.91,163804,10942,25826,1030,485,1435270.96,25-34,Mumbai,14,Brand Awareness,6.68,4.43,4.8,2635.42
CAMP_0599,Google Ads,10827.67,32754,1662,3476,152,66,159260.49,18-24,Hyderabad,28,Brand Awareness,5.07,3.97,6.51,1370.87
CAMP_0600,Google Ads,72883.42,239904,16416,33514,970,739,819383.03,25-34,Chennai,5,Brand Awareness,6.84,4.5,4.44,1024.24
CAMP_0601,Google Ads,64224.11,190160,11465,18397,669,501,2159320.06,35-44,Delhi,10,Brand Awareness,6.03,4.37,5.6,3262.16
CAMP_0602,Google Ads,97202.69,282173,18192,26331,1476,1090,4715789.99,55+,Hyderabad,24,Website Traffic,6.45,5.99,5.34,4751.5
CAMP_0603,Google Ads,58100.56,170480,10354,15847,565,329,318234.61,55+,Coimbatore,4,Website Traffic,6.07,3.18,5.61,447.73
CAMP_0604,Google Ads,36957.4,116561,7026,12931,646,505,1103321.56,45-54,Delhi,20,Brand Awareness,6.03,7.19,5.26,2885.39
CAMP_0605,Google Ads,54307.06,182797,10443,24899,1082,880,3579955.21,55+,Coimbatore,11,Brand Awareness,5.71,8.43,5.2,6492.06
CAMP_0606,Instagram,98030.01,542675,15094,24259,1149,591,703920.79,18-24,Mumbai,15,Sales,2.78,3.92,6.49,618.07
CAMP_0607,Google Ads,71154.43,212429,11815,27385,787,364,585180.58,55+,Delhi,9,Brand Awareness,5.56,3.08,6.02,722.41
CAMP_0608,Instagram,68837.73,350888,13081,25984,799,465,2056805.83,45-54,Hyderabad,12,Website Traffic,3.73,3.55,5.26,2887.9
CAMP_0609,Instagram,27864.75,172906,6249,16352,353,155,612287.16,35-44,Delhi,11,Lead Generation,3.61,2.48,4.46,2097.35
CAMP_0610,Facebook,75642.24,406162,12399,19499,384,304,1271762.29,35-44,Mumbai,24,Website Traffic,3.05,2.45,6.1,1581.29
CAMP_0611,Google Ads,76275.82,234814,8043,15454,719,373,526584.95,55+,Bangalore,17,Sales,3.43,4.64,9.48,590.37
CAMP_0612,YouTube,35142.45,169191,3417,4629,62,40,66429.5,25-34,Coimbatore,7,Website Traffic,2.02,1.17,10.28,89.03
CAMP_0613,Facebook,50952.81,313363,8271,14360,419,271,834544.42,35-44,Mumbai,14,Lead Generation,2.64,3.28,6.16,1537.88
CAMP_0614,Google Ads,32987.32,98415,4338,8724,406,247,668445.63,55+,Bangalore,3,Brand Awareness,4.41,5.69,7.6,1926.37
CAMP_0615,YouTube,29576.98,140202,3423,8121,124,53,104654.45,45-54,Delhi,14,Lead Generation,2.44,1.55,8.64,253.84
CAMP_0616,LinkedIn,7460.13,15127,173,262,8,7,28572.93,55+,Delhi,24,Brand Awareness,1.14,4.05,43.12,283.01
CAMP_0617,Google Ads,32095.12,86330,5463,8462,327,143,592734.86,35-44,Mumbai,8,Brand Awareness,6.33,2.62,5.87,1746.81
CAMP_0618,Google Ads,57627.15,185173,12621,27899,618,449,875578.03,45-54,Hyderabad,21,Website Traffic,6.82,3.56,4.57,1419.38
CAMP_0619,YouTube,5152.11,21554,436,790,23,17,24832.09,55+,Delhi,21,Website Traffic,2.02,3.9,11.82,381.98
CAMP_0620,Facebook,31905.81,201513,5567,10975,319,135,193958.92,18-24,Hyderabad,18,Website Traffic,2.76,2.43,5.73,507.91
CAMP_0621,Google Ads,88733.98,274559,17731,44998,919,750,1982948.03,45-54,Hyderabad,21,Sales,6.46,4.23,5.0,2134.71
CAMP_0622,Google Ads,61396.62,195871,9292,18570,846,502,692010.3,18-24,Hyderabad,5,Website Traffic,4.74,5.4,6.61,1027.11
CAMP_0623,Instagram,62746.97,342262,12255,27500,435,289,752563.17,25-34,Chennai,25,Sales,3.58,2.36,5.12,1099.36
CAMP_0624,Instagram,43319.61,251283,6713,15110,252,169,433140.69,45-54,Bangalore,12,Website Traffic,2.67,2.52,6.45,899.87
CAMP_0625,Facebook,69264.85,408540,8932,22203,318,192,783896.98,18-24,Bangalore,29,Brand Awareness,2.19,2.15,7.75,1031.74
CAMP_0626,Instagram,23043.61,136021,4585,10183,243,102,200568.47,35-44,Delhi,20,Sales,3.37,2.22,5.03,770.39
CAMP_0627,Instagram,82780.95,415096,13219,17234,596,433,1263645.05,35-44,Delhi,28,Lead Generation,3.18,3.28,6.26,1426.49
CAMP_0628,Facebook,16085.47,109965,2125,3713,100,64,228902.37,25-34,Hyderabad,15,Sales,1.93,3.01,7.57,1323.04
CAMP_0629,Google Ads,67320.13,244905,16901,47034,1144,468,1425197.25,45-54,Chennai,28,Sales,6.9,2.77,3.98,2017.04
CAMP_0630,Google Ads,37409.19,117915,6001,9088,379,265,1148680.72,45-54,Hyderabad,20,Lead Generation,5.09,4.42,6.23,2970.58
CAMP_0631,Facebook,76013.73,534725,16349,34967,715,501,1537167.66,45-54,Chennai,5,Sales,3.06,3.06,4.65,1922.22
CAMP_0632,YouTube,57227.63,298175,8071,20571,289,180,746406.69,25-34,Hyderabad,28,Brand Awareness,2.71,2.23,7.09,1204.28
CAMP_0633,Instagram,47973.54,259677,8680,18562,244,96,171091.49,45-54,Coimbatore,30,Website Traffic,3.34,1.11,5.53,256.64
CAMP_0634,Facebook,21095.13,132349,4555,8179,346,182,531205.22,35-44,Coimbatore,25,Lead Generation,3.44,4.0,4.63,2418.14
CAMP_0635,Google Ads,65498.04,191351,8889,11808,745,280,799652.37,18-24,Mumbai,5,Website Traffic,4.65,3.15,7.37,1120.88
CAMP_0636,Instagram,97603.14,509722,20483,36432,1520,895,3993514.7,35-44,Hyderabad,25,Brand Awareness,4.02,4.37,4.77,3991.58
CAMP_0637,Facebook,83432.33,531167,12662,18883,593,476,778842.02,35-44,Delhi,27,Lead Generation,2.38,3.76,6.59,833.5
CAMP_0638,Google Ads,10700.78,29064,1434,3925,121,42,59118.2,18-24,Bangalore,29,Website Traffic,4.93,2.93,7.46,452.47
CAMP_0639,Google Ads,40741.79,135821,5514,12925,350,169,524241.29,35-44,Mumbai,28,Website Traffic,4.06,3.06,7.39,1186.74
CAMP_0640,Instagram,92930.39,523189,17551,42105,758,568,968605.69,25-34,Delhi,14,Brand Awareness,3.35,3.24,5.29,942.29
CAMP_0641,Google Ads,52789.16,173958,10654,20217,776,275,880263.79,18-24,Coimbatore,29,Website Traffic,6.12,2.58,4.95,1567.51
CAMP_0642,Instagram,67900.62,371732,13537,18626,383,136,598530.66,35-44,Hyderabad,22,Brand Awareness,3.64,1.0,5.02,781.48
CAMP_0643,Google Ads,91696.94,301970,12329,20056,776,509,2192477.59,55+,Mumbai,9,Sales,4.08,4.13,7.44,2291.0
CAMP_0644,Instagram,88010.5,498634,17033,27517,880,655,1134440.93,35-44,Hyderabad,27,Brand Awareness,3.42,3.85,5.17,1188.98
CAMP_0645,Google Ads,52672.94,171282,10119,20024,540,399,604575.51,25-34,Coimbatore,26,Sales,5.91,3.94,5.21,1047.79
CAMP_0646,YouTube,46576.4,226983,5294,10257,145,107,312296.77,45-54,Mumbai,10,Lead Generation,2.33,2.02,8.8,570.5
CAMP_0647,Facebook,37270.8,209370,5047,9556,271,144,433785.35,35-44,Coimbatore,11,Website Traffic,2.41,2.85,7.38,1063.87
CAMP_0648,Facebook,73306.85,432398,6647,13251,290,229,752058.96,45-54,Chennai,16,Brand Awareness,1.54,3.45,11.03,925.91
CAMP_0649,YouTube,32263.75,173812,4114,11434,181,65,232008.88,55+,Coimbatore,7,Brand Awareness,2.37,1.58,7.84,619.1
CAMP_0650,Instagram,28739.32,162310,5058,8484,168,85,260392.94,35-44,Hyderabad,23,Website Traffic,3.12,1.68,5.68,806.05
CAMP_0651,Google Ads,38843.74,104715,6050,13216,614,318,414134.84,18-24,Bangalore,21,Website Traffic,5.78,5.26,6.42,966.16
CAMP_0652,Facebook,21835.43,117789,3242,5133,103,45,168505.59,45-54,Coimbatore,23,Lead Generation,2.75,1.39,6.74,671.71
CAMP_0653,Facebook,71036.38,441314,12878,25068,358,185,219458.44,55+,Delhi,18,Lead Generation,2.92,1.44,5.52,208.94
CAMP_0654,Facebook,63542.86,380525,12068,18344,286,184,178843.16,18-24,Bangalore,26,Brand Awareness,3.17,1.52,5.27,181.45
CAMP_0655,Instagram,50873.46,264398,5633,11790,309,189,693775.44,18-24,Chennai,14,Lead Generation,2.13,3.36,9.03,1263.73
CAMP_0656,Google Ads,42080.95,150367,9969,16190,724,369,1060538.0,18-24,Mumbai,23,Sales,6.63,3.7,4.22,2420.23
CAMP_0657,Instagram,91360.94,492573,15246,19193,1054,764,2609005.84,18-24,Mumbai,6,Lead Generation,3.1,5.01,5.99,2755.71
CAMP_0658,Instagram,7766.76,45983,1902,4763,123,87,198176.46,35-44,Bangalore,10,Lead Generation,4.14,4.57,4.08,2451.6
CAMP_0659,Facebook,78065.24,497671,12782,17961,296,145,136290.28,35-44,Mumbai,9,Brand Awareness,2.57,1.13,6.11,74.59
CAMP_0660,Facebook,90681.41,553388,13594,24318,798,408,853395.34,35-44,Coimbatore,17,Sales,2.46,3.0,6.67,841.09
CAMP_0661,Instagram,47403.69,239300,7453,14634,366,181,559160.92,55+,Bangalore,8,Lead Generation,3.11,2.43,6.36,1079.57
CAMP_0662,LinkedIn,57315.6,135206,2653,5019,139,58,99326.8,55+,Hyderabad,7,Sales,1.96,2.19,21.6,73.3
CAMP_0663,Facebook,94724.05,480992,12803,30229,621,451,1522619.12,55+,Coimbatore,16,Sales,2.66,3.52,7.4,1507.43
CAMP_0664,Google Ads,25166.36,84123,5104,10998,462,172,646693.11,25-34,Coimbatore,23,Sales,6.07,3.37,4.93,2469.67
CAMP_0665,Google Ads,54412.81,172098,8806,14729,843,359,910194.67,55+,Coimbatore,15,Website Traffic,5.12,4.08,6.18,1572.76
CAMP_0666,Google Ads,50098.51,164305,9094,11665,588,237,960465.41,35-44,Hyderabad,12,Website Traffic,5.53,2.61,5.51,1817.15
CAMP_0667,Google Ads,29547.3,92393,7127,17305,502,383,1523321.08,35-44,Chennai,20,Website Traffic,7.71,5.37,4.15,5055.53
CAMP_0668,Google Ads,82766.36,233104,13645,24070,991,369,1498512.18,25-34,Delhi,6,Website Traffic,5.85,2.7,6.07,1710.53
CAMP_0669,Google Ads,90462.06,291775,17311,45416,977,667,2187582.12,25-34,Mumbai,10,Brand Awareness,5.93,3.85,5.23,2318.23
CAMP_0670,Instagram,79283.6,470377,11062,20267,516,192,383470.16,55+,Bangalore,26,Lead Generation,2.35,1.74,7.17,383.67
CAMP_0671,Google Ads,23559.1,70800,4843,11373,306,227,597578.55,45-54,Chennai,13,Website Traffic,6.84,4.69,4.86,2436.51
CAMP_0672,YouTube,13241.12,63352,1586,4287,56,45,155602.73,25-34,Bangalore,19,Brand Awareness,2.5,2.84,8.35,1075.15
CAMP_0673,Google Ads,62517.23,200001,9585,21488,1002,595,986527.35,18-24,Mumbai,20,Lead Generation,4.79,6.21,6.52,1478.01
CAMP_0674,Instagram,10424.0,59998,2282,4248,156,117,416500.89,35-44,Hyderabad,23,Website Traffic,3.8,5.13,4.57,3895.6
CAMP_0675,Instagram,68918.46,356552,12087,25477,350,246,706787.28,18-24,Coimbatore,27,Lead Generation,3.39,2.04,5.7,925.54
CAMP_0676,LinkedIn,55390.3,135715,2463,5097,128,96,119583.63,35-44,Coimbatore,28,Website Traffic,1.81,3.9,22.49,115.89
CAMP_0677,Google Ads,67964.64,217419,14737,31474,1148,842,2447046.31,35-44,Hyderabad,13,Brand Awareness,6.78,5.71,4.61,3500.47
CAMP_0678,Instagram,61066.22,361830,10511,15082,415,188,214394.09,25-34,Chennai,18,Sales,2.9,1.79,5.81,251.08
CAMP_0679,LinkedIn,45156.74,97232,1523,3530,86,52,49478.32,25-34,Chennai,14,Sales,1.57,3.41,29.65,9.57
CAMP_0680,YouTube,24083.33,118072,2572,3683,104,86,352828.73,18-24,Bangalore,15,Lead Generation,2.18,3.34,9.36,1365.03
CAMP_0681,YouTube,34041.7,149512,3438,4206,87,45,119866.41,35-44,Hyderabad,29,Brand Awareness,2.3,1.31,9.9,252.12
CAMP_0682,Google Ads,54827.55,159113,10273,22597,422,352,1005256.65,18-24,Chennai,18,Sales,6.46,3.43,5.34,1733.49
CAMP_0683,Google Ads,66927.47,238795,12777,17722,888,570,1087432.31,45-54,Hyderabad,25,Website Traffic,5.35,4.46,5.24,1524.79
CAMP_0684,Facebook,79050.89,400287,9494,23096,300,174,496575.29,18-24,Mumbai,28,Sales,2.37,1.83,8.33,528.17
CAMP_0685,LinkedIn,77881.22,214466,5617,14523,369,251,378489.75,55+,Coimbatore,23,Lead Generation,2.62,4.47,13.87,385.98
CAMP_0686,Facebook,97405.43,642961,14482,39269,521,395,1415808.32,18-24,Coimbatore,3,Lead Generation,2.25,2.73,6.73,1353.52
CAMP_0687,Facebook,32154.94,195907,5540,12538,380,208,803723.85,55+,Coimbatore,18,Brand Awareness,2.83,3.75,5.8,2399.53
CAMP_0688,Google Ads,11755.52,37694,2364,4660,163,60,238869.17,55+,Hyderabad,17,Lead Generation,6.27,2.54,4.97,1931.97
CAMP_0689,YouTube,37837.41,181652,4605,8122,104,73,93728.33,55+,Hyderabad,8,Sales,2.54,1.59,8.22,147.71
CAMP_0690,Google Ads,75612.98,230006,11359,22553,732,606,1762197.0,45-54,Bangalore,14,Sales,4.94,5.33,6.66,2230.55
CAMP_0691,Instagram,46620.61,301174,6385,9607,382,253,964310.38,18-24,Coimbatore,10,Sales,2.12,3.96,7.3,1968.42
CAMP_0692,Instagram,82689.9,513617,14689,25816,838,372,506507.52,18-24,Bangalore,9,Sales,2.86,2.53,5.63,512.54
CAMP_0693,Instagram,57186.0,387005,14304,33596,855,405,509603.67,45-54,Coimbatore,4,Brand Awareness,3.7,2.83,4.0,791.13
CAMP_0694,Google Ads,93330.21,263158,16135,24975,864,695,2669488.88,35-44,Bangalore,14,Website Traffic,6.13,4.31,5.78,2760.26
CAMP_0695,Google Ads,95047.03,302138,18622,30214,1332,475,1789918.63,25-34,Bangalore,23,Website Traffic,6.16,2.55,5.1,1783.19
CAMP_0696,Facebook,11583.93,64366,2033,4877,120,75,188647.15,18-24,Mumbai,16,Brand Awareness,3.16,3.69,5.7,1528.52
CAMP_0697,Instagram,48359.28,245204,9739,14458,554,238,308200.53,25-34,Bangalore,18,Lead Generation,3.97,2.44,4.97,537.31
CAMP_0698,Facebook,62920.46,382988,9226,14701,353,173,477141.5,45-54,Hyderabad,13,Website Traffic,2.41,1.88,6.82,658.32
CAMP_0699,Google Ads,29307.89,89329,3854,4733,378,190,441045.39,35-44,Bangalore,22,Lead Generation,4.31,4.93,7.6,1404.87
CAMP_0700,Instagram,43672.29,249804,8527,20056,461,212,586555.4,35-44,Coimbatore,11,Website Traffic,3.41,2.49,5.12,1243.08
CAMP_0701,Facebook,69379.75,429785,9763,21368,240,179,444568.47,35-44,Bangalore,12,Lead Generation,2.27,1.83,7.11,540.78
CAMP_0702,Google Ads,26539.75,88244,3752,8671,200,103,303505.14,45-54,Chennai,19,Brand Awareness,4.25,2.75,7.07,1043.59
CAMP_0703,Instagram,62188.23,354304,13836,21348,918,480,1688480.15,55+,Delhi,14,Sales,3.91,3.47,4.49,2615.11
CAMP_0704,Google Ads,71257.54,252030,14486,33315,1659,956,3527157.84,55+,Coimbatore,8,Lead Generation,5.75,6.6,4.92,4849.87
CAMP_0705,Google Ads,13597.15,45308,2505,5396,119,95,307451.91,25-34,Chennai,21,Sales,5.53,3.79,5.43,2161.15
CAMP_0706,LinkedIn,52265.29,105191,1910,3411,88,61,98587.36,55+,Coimbatore,13,Lead Generation,1.82,3.19,27.36,88.63
CAMP_0707,Instagram,29992.6,164686,5169,9824,255,97,225975.36,55+,Hyderabad,11,Lead Generation,3.14,1.88,5.8,653.44
CAMP_0708,YouTube,73816.7,333436,8536,18000,221,82,94825.33,35-44,Delhi,23,Lead Generation,2.56,0.96,8.65,28.46
CAMP_0709,Google Ads,23007.77,74430,2978,5924,133,84,212186.14,35-44,Delhi,8,Lead Generation,4.0,2.82,7.73,822.24
CAMP_0710,Facebook,89762.6,609276,12282,27351,493,391,1717749.76,25-34,Hyderabad,29,Lead Generation,2.02,3.18,7.31,1813.66
CAMP_0711,YouTube,45939.43,213537,3728,5553,132,68,218295.68,18-24,Delhi,27,Sales,1.75,1.82,12.32,375.18
CAMP_0712,Facebook,23810.29,155697,4586,9471,179,85,123811.43,25-34,Hyderabad,27,Lead Generation,2.95,1.85,5.19,419.99
CAMP_0713,Instagram,46612.07,235459,9983,19172,471,341,636605.94,25-34,Chennai,26,Sales,4.24,3.42,4.67,1265.75
CAMP_0714,Instagram,43830.66,234558,8680,16819,532,346,391832.93,45-54,Mumbai,27,Brand Awareness,3.7,3.99,5.05,793.97
CAMP_0715,Instagram,45747.3,215274,7623,14873,290,183,284874.27,45-54,Coimbatore,18,Website Traffic,3.54,2.4,6.0,522.71
CAMP_0716,LinkedIn,60628.32,139493,2475,6461,76,32,84999.36,25-34,Hyderabad,22,Lead Generation,1.77,1.29,24.5,40.2
CAMP_0717,YouTube,54511.5,264460,4222,10596,174,76,162752.71,25-34,Coimbatore,18,Website Traffic,1.6,1.8,12.91,198.57
CAMP_0718,LinkedIn,19228.83,38222,752,1660,62,30,49027.93,25-34,Chennai,8,Sales,1.97,3.99,25.57,154.97
CAMP_0719,Google Ads,11230.01,35539,2667,6258,137,62,88520.77,55+,Mumbai,7,Brand Awareness,7.5,2.32,4.21,688.25
CAMP_0720,Facebook,74294.47,460541,12338,15651,316,264,861129.99,45-54,Chennai,23,Brand Awareness,2.68,2.14,6.02,1059.08
CAMP_0721,LinkedIn,58173.16,146735,2375,5677,122,44,128003.42,25-34,Delhi,6,Brand Awareness,1.62,1.85,24.49,120.04
CAMP_0722,Google Ads,39105.07,113460,5976,11820,502,333,1309857.21,35-44,Coimbatore,4,Website Traffic,5.27,5.57,6.54,3249.58
CAMP_0723,Google Ads,81793.99,274381,16720,28564,923,562,876557.24,35-44,Mumbai,30,Sales,6.09,3.36,4.89,971.66
CAMP_0724,Facebook,41865.56,285587,8157,11613,360,184,727305.57,55+,Delhi,8,Lead Generation,2.86,2.26,5.13,1637.24
CAMP_0725,Facebook,80616.68,495996,16163,21341,518,411,1224977.37,55+,Mumbai,11,Lead Generation,3.26,2.54,4.99,1419.51
CAMP_0726,YouTube,34046.83,158380,3306,4205,91,62,115221.02,18-24,Delhi,30,Sales,2.09,1.88,10.3,238.42
CAMP_0727,Google Ads,11920.3,40462,2129,3106,140,119,224290.17,18-24,Chennai,19,Website Traffic,5.26,5.59,5.6,1781.58
CAMP_0728,YouTube,93600.77,388035,8485,10591,357,155,357332.26,18-24,Hyderabad,16,Lead Generation,2.19,1.83,11.03,281.76
CAMP_0729,Google Ads,42482.36,128221,6367,15104,692,273,697913.03,55+,Coimbatore,9,Sales,4.97,4.29,6.67,1542.83
CAMP_0730,Google Ads,80305.79,254695,18398,29396,1506,632,756515.57,55+,Bangalore,24,Lead Generation,7.22,3.44,4.36,842.04
CAMP_0731,Google Ads,31518.69,114760,7247,12972,304,147,577885.96,55+,Bangalore,21,Brand Awareness,6.31,2.03,4.35,1733.47
CAMP_0732,YouTube,66404.69,292186,4921,12383,160,89,119041.76,35-44,Chennai,3,Lead Generation,1.68,1.81,13.49,79.27
CAMP_0733,Facebook,87964.53,537962,13041,18042,726,567,1497138.23,55+,Coimbatore,22,Website Traffic,2.42,4.35,6.75,1601.98
CAMP_0734,Instagram,8956.18,55915,1971,5000,77,38,86590.05,35-44,Coimbatore,27,Sales,3.52,1.93,4.54,866.82
CAMP_0735,Instagram,83910.4,490894,16227,36077,768,620,1701424.77,18-24,Chennai,17,Website Traffic,3.31,3.82,5.17,1927.67
CAMP_0736,YouTube,59276.64,316484,7008,12245,141,82,335784.84,18-24,Coimbatore,20,Sales,2.21,1.17,8.46,466.47
CAMP_0737,Instagram,62709.82,378858,11704,16251,559,377,1681690.69,18-24,Hyderabad,5,Brand Awareness,3.09,3.22,5.36,2581.7
CAMP_0738,YouTube,54700.01,245732,5583,7517,111,54,52540.75,25-34,Chennai,20,Sales,2.27,0.97,9.8,-3.95
CAMP_0739,Instagram,88075.13,478023,14832,25761,700,300,694698.59,25-34,Hyderabad,4,Lead Generation,3.1,2.02,5.94,688.76
CAMP_0740,Instagram,9126.17,47356,1669,2378,71,56,215230.28,45-54,Coimbatore,12,Lead Generation,3.52,3.36,5.47,2258.39
CAMP_0741,Instagram,29797.7,148260,5404,8800,358,145,300986.7,45-54,Chennai,13,Brand Awareness,3.64,2.68,5.51,910.1
CAMP_0742,Instagram,88197.44,503345,20765,26677,1344,991,3207401.46,45-54,Coimbatore,29,Sales,4.13,4.77,4.25,3536.62
CAMP_0743,Facebook,76472.84,501927,12752,27442,485,311,1390833.4,25-34,Chennai,26,Brand Awareness,2.54,2.44,6.0,1718.73
CAMP_0744,Instagram,6676.29,39308,1255,1798,60,47,151733.7,25-34,Coimbatore,5,Lead Generation,3.19,3.75,5.32,2172.72
CAMP_0745,Google Ads,54115.6,167441,7189,17331,289,205,266559.24,45-54,Hyderabad,9,Website Traffic,4.29,2.85,7.53,392.57
CAMP_0746,YouTube,55309.4,290226,8098,12544,233,114,448539.28,45-54,Hyderabad,10,Brand Awareness,2.79,1.41,6.83,710.96
CAMP_0747,Instagram,43083.8,213342,4399,10895,301,192,840953.62,55+,Coimbatore,21,Website Traffic,2.06,4.36,9.79,1851.9
CAMP_0748,Facebook,33252.37,183359,6689,10059,304,108,374223.27,45-54,Chennai,20,Website Traffic,3.65,1.61,4.97,1025.4
CAMP_0749,LinkedIn,69763.86,144865,2651,6241,162,95,228821.29,55+,Bangalore,15,Sales,1.83,3.58,26.32,227.99
CAMP_0750,Facebook,24740.09,154699,4658,8072,270,106,457309.51,35-44,Hyderabad,15,Brand Awareness,3.01,2.28,5.31,1748.46
CAMP_0751,Google Ads,80900.11,230624,12306,26249,1271,717,3145378.09,25-34,Hyderabad,26,Website Traffic,5.34,5.83,6.57,3787.98
CAMP_0752,LinkedIn,81288.53,200106,3622,4570,253,102,435174.87,45-54,Delhi,21,Website Traffic,1.81,2.82,22.44,435.35
CAMP_0753,Facebook,44449.84,261388,8094,16126,464,384,914898.59,25-34,Bangalore,25,Sales,3.1,4.74,5.49,1958.27
CAMP_0754,Instagram,31937.06,164404,3711,5336,183,112,419210.13,25-34,Coimbatore,14,Sales,2.26,3.02,8.61,1212.61
CAMP_0755,Google Ads,31968.43,108334,5259,10403,383,309,1005809.12,25-34,Chennai,19,Lead Generation,4.85,5.88,6.08,3046.26
CAMP_0756,YouTube,50817.68,234823,4181,5963,169,61,94363.58,35-44,Delhi,30,Website Traffic,1.78,1.46,12.15,85.69
CAMP_0757,Facebook,73360.03,487283,14743,28002,503,336,950158.83,18-24,Coimbatore,24,Lead Generation,3.03,2.28,4.98,1195.2
CAMP_0758,Facebook,39092.53,243398,6821,9392,203,102,366352.14,45-54,Mumbai,14,Website Traffic,2.8,1.5,5.73,837.14
CAMP_0759,YouTube,62954.12,292376,6823,10589,206,117,482658.25,18-24,Hyderabad,30,Lead Generation,2.33,1.71,9.23,666.68
CAMP_0760,YouTube,41336.02,166343,3597,7741,103,81,324433.68,18-24,Mumbai,15,Sales,2.16,2.25,11.49,684.87
CAMP_0761,Google Ads,33929.7,104776,6861,18955,445,374,544832.2,18-24,Hyderabad,27,Brand Awareness,6.55,5.45,4.95,1505.77
CAMP_0762,Instagram,7361.65,37469,1039,1994,47,22,58452.23,25-34,Hyderabad,14,Sales,2.77,2.12,7.09,694.01
CAMP_0763,Google Ads,5371.84,19412,1079,2481,66,54,141575.42,55+,Mumbai,21,Lead Generation,5.56,5.0,4.98,2535.51
CAMP_0764,Facebook,26584.73,183339,6159,12707,231,160,661672.55,25-34,Mumbai,16,Lead Generation,3.36,2.6,4.32,2388.92
CAMP_0765,Google Ads,43608.6,129148,8266,16510,636,525,476161.51,25-34,Coimbatore,9,Brand Awareness,6.4,6.35,5.28,991.9
CAMP_0766,Facebook,85869.81,527775,10842,14133,344,217,772383.02,18-24,Delhi,15,Website Traffic,2.05,2.0,7.92,799.48
CAMP_0767,YouTube,80856.0,362811,6219,8899,286,237,741124.94,25-34,Delhi,8,Lead Generation,1.71,3.81,13.0,816.6
CAMP_0768,YouTube,30380.7,161890,3350,8753,165,131,552513.11,18-24,Mumbai,26,Lead Generation,2.07,3.91,9.07,1718.63
CAMP_0769,Instagram,28231.34,161814,4959,9205,233,97,246855.54,55+,Coimbatore,21,Lead Generation,3.06,1.96,5.69,774.4
CAMP_0770,YouTube,26595.6,116751,2423,5289,83,42,137240.04,45-54,Delhi,21,Brand Awareness,2.08,1.73,10.98,416.03
CAMP_0771,Google Ads,37227.55,117701,7401,15136,227,107,471002.16,18-24,Coimbatore,6,Sales,6.29,1.45,5.03,1165.2
CAMP_0772,YouTube,52328.88,208612,4609,8325,109,69,246885.69,55+,Coimbatore,21,Lead Generation,2.21,1.5,11.35,371.8
CAMP_0773,Google Ads,46673.44,144995,8474,15427,503,378,431896.11,45-54,Hyderabad,11,Brand Awareness,5.84,4.46,5.51,825.36
CAMP_0774,Instagram,25735.95,130614,4684,9784,157,115,172858.89,35-44,Delhi,18,Lead Generation,3.59,2.46,5.49,571.66
CAMP_0775,YouTube,17392.88,67373,1688,2407,28,20,77144.48,18-24,Delhi,29,Website Traffic,2.51,1.18,10.3,343.54
CAMP_0776,Google Ads,6194.89,22436,555,1010,51,27,56842.13,18-24,Hyderabad,6,Brand Awareness,2.47,4.86,11.16,817.56
CAMP_0777,Google Ads,19626.51,61200,3132,5998,383,161,554050.14,35-44,Mumbai,8,Lead Generation,5.12,5.14,6.27,2722.97
CAMP_0778,Facebook,72008.86,422275,9945,27609,548,249,851421.99,35-44,Hyderabad,10,Brand Awareness,2.36,2.5,7.24,1082.39
CAMP_0779,Facebook,28145.66,152026,4621,8144,295,213,953669.56,18-24,Delhi,29,Lead Generation,3.04,4.61,6.09,3288.34
CAMP_0780,Facebook,49517.17,304008,7804,17413,428,181,469069.07,35-44,Delhi,26,Sales,2.57,2.32,6.35,847.29
CAMP_0781,Facebook,61173.61,377772,10722,15224,734,339,1205550.61,25-34,Mumbai,18,Lead Generation,2.84,3.16,5.71,1870.7
CAMP_0782,Facebook,89249.89,591952,19117,24943,529,297,319426.58,45-54,Hyderabad,7,Brand Awareness,3.23,1.55,4.67,257.9
CAMP_0783,Google Ads,89441.23,258176,12658,32841,602,232,595156.02,45-54,Chennai,23,Website Traffic,4.9,1.83,7.07,565.42
CAMP_0784,Instagram,75844.7,403367,13751,32579,753,344,540786.43,45-54,Chennai,24,Website Traffic,3.41,2.5,5.52,613.02
CAMP_0785,Google Ads,8339.91,24134,1699,2902,174,74,290528.26,25-34,Mumbai,12,Website Traffic,7.04,4.36,4.91,3383.59
CAMP_0786,LinkedIn,59631.69,130203,2694,5408,101,83,325664.61,35-44,Hyderabad,25,Lead Generation,2.07,3.08,22.14,446.13
CAMP_0787,Facebook,79725.43,418838,8380,11876,512,228,399207.92,55+,Hyderabad,15,Sales,2.0,2.72,9.51,400.73
CAMP_0788,Instagram,6642.36,34528,1047,2441,47,37,75695.58,35-44,Coimbatore,28,Lead Generation,3.03,3.53,6.34,1039.59
CAMP_0789,Instagram,57220.04,333904,11369,14922,497,202,692641.84,18-24,Delhi,16,Website Traffic,3.4,1.78,5.03,1110.49
CAMP_0790,LinkedIn,86487.59,173353,3431,8273,218,171,608376.5,45-54,Bangalore,9,Brand Awareness,1.98,4.98,25.21,603.43
CAMP_0791,Google Ads,50039.7,168878,8866,18396,1016,660,2156532.69,35-44,Mumbai,22,Website Traffic,5.25,7.44,5.64,4209.64
CAMP_0792,Facebook,5390.09,36042,893,1470,62,48,215428.83,55+,Bangalore,8,Brand Awareness,2.48,5.38,6.04,3896.76
CAMP_0793,Instagram,6046.27,36162,1171,3021,62,49,197335.72,18-24,Bangalore,9,Sales,3.24,4.18,5.16,3163.76
CAMP_0794,Facebook,44580.42,278527,6273,17425,235,152,365014.62,25-34,Mumbai,7,Brand Awareness,2.25,2.42,7.11,718.78
CAMP_0795,Google Ads,19725.82,61178,4031,6478,273,221,459042.68,25-34,Hyderabad,23,Lead Generation,6.59,5.48,4.89,2227.12
CAMP_0796,YouTube,68122.81,317566,8912,22191,357,229,698142.93,55+,Mumbai,20,Lead Generation,2.81,2.57,7.64,924.83
CAMP_0797,LinkedIn,72335.93,177725,3426,8223,271,191,734106.74,18-24,Bangalore,25,Lead Generation,1.93,5.58,21.11,914.86
CAMP_0798,Facebook,21898.58,150326,4033,9661,164,92,240233.76,45-54,Delhi,14,Brand Awareness,2.68,2.28,5.43,997.03
CAMP_0799,Facebook,89410.66,484506,15864,43334,700,565,2008966.76,35-44,Delhi,8,Lead Generation,3.27,3.56,5.64,2146.9
CAMP_0800,LinkedIn,46981.25,97100,1991,3939,151,115,111432.26,18-24,Delhi,29,Lead Generation,2.05,5.78,23.6,137.18
CAMP_0801,Facebook,18570.36,106279,2828,6444,141,61,258214.49,25-34,Hyderabad,3,Lead Generation,2.66,2.16,6.57,1290.47
CAMP_0802,Google Ads,77603.9,256612,13992,35235,1394,890,3280366.47,55+,Chennai,6,Sales,5.45,6.36,5.55,4127.06
CAMP_0803,Facebook,80047.58,473110,11794,23202,863,689,1597849.09,55+,Mumbai,21,Brand Awareness,2.49,5.84,6.79,1896.12
CAMP_0804,Facebook,65733.07,404147,11652,22958,438,327,746359.31,35-44,Delhi,14,Brand Awareness,2.88,2.81,5.64,1035.44
CAMP_0805,Instagram,86079.23,543560,18330,31342,713,593,753342.76,55+,Mumbai,17,Website Traffic,3.37,3.24,4.7,775.17
CAMP_0806,Facebook,75050.43,511126,12302,30132,422,197,756116.22,55+,Delhi,5,Brand Awareness,2.41,1.6,6.1,907.48
CAMP_0807,LinkedIn,88809.55,219082,3181,7310,255,136,498721.01,18-24,Hyderabad,25,Sales,1.45,4.28,27.92,461.56
CAMP_0808,LinkedIn,46219.36,96819,1327,2550,62,37,117249.26,45-54,Chennai,29,Brand Awareness,1.37,2.79,34.83,153.68
CAMP_0809,Instagram,76021.73,328704,11307,21155,507,236,298597.42,35-44,Chennai,30,Sales,3.44,2.09,6.72,292.78
CAMP_0810,Google Ads,99976.4,302540,16605,21855,1076,589,1086368.63,18-24,Delhi,28,Sales,5.49,3.55,6.02,986.63
CAMP_0811,LinkedIn,73868.46,145242,2575,3117,170,105,267969.67,45-54,Hyderabad,22,Brand Awareness,1.77,4.08,28.69,262.77
CAMP_0812,YouTube,15847.46,60831,1384,2832,50,22,40864.98,18-24,Coimbatore,30,Website Traffic,2.28,1.59,11.45,157.86
CAMP_0813,Google Ads,54240.28,184806,8516,15908,417,199,489998.92,18-24,Mumbai,10,Lead Generation,4.61,2.34,6.37,803.39
CAMP_0814,LinkedIn,60798.04,125467,1823,4509,115,47,80532.02,55+,Mumbai,13,Lead Generation,1.45,2.58,33.35,32.46
CAMP_0815,YouTube,21550.01,91634,2008,4153,86,61,131672.27,45-54,Bangalore,18,Brand Awareness,2.19,3.04,10.73,511.01
CAMP_0816,Instagram,96474.71,520288,11469,30952,803,426,1383762.5,35-44,Hyderabad,11,Brand Awareness,2.2,3.71,8.41,1334.33
CAMP_0817,Facebook,21680.08,153349,4094,6198,274,126,518174.99,35-44,Bangalore,5,Sales,2.67,3.08,5.3,2290.1
CAMP_0818,Instagram,21868.0,119918,5541,15427,264,159,363491.56,45-54,Delhi,7,Brand Awareness,4.62,2.87,3.95,1562.21
CAMP_0819,Google Ads,91940.88,309188,12878,21592,687,264,895189.58,55+,Bangalore,22,Sales,4.17,2.05,7.14,873.66
CAMP_0820,Instagram,49194.52,266408,7866,17524,422,343,475142.5,25-34,Chennai,16,Website Traffic,2.95,4.36,6.25,865.84
CAMP_0821,YouTube,11002.89,43690,567,1136,19,9,25622.5,18-24,Mumbai,30,Brand Awareness,1.3,1.59,19.41,132.87
CAMP_0822,Google Ads,61827.81,174821,9211,16352,934,741,3125638.19,55+,Bangalore,28,Lead Generation,5.27,8.04,6.71,4955.39
CAMP_0823,Instagram,62173.5,345304,14961,21288,830,497,497282.74,45-54,Chennai,17,Lead Generation,4.33,3.32,4.16,699.83
CAMP_0824,Instagram,11127.57,62352,2163,3062,112,87,162098.97,18-24,Hyderabad,8,Brand Awareness,3.47,4.02,5.14,1356.73
CAMP_0825,Facebook,97389.64,635112,15818,36989,864,409,563183.48,35-44,Bangalore,29,Sales,2.49,2.59,6.16,478.28
CAMP_0826,LinkedIn,56682.85,131435,3295,5945,259,113,318573.82,25-34,Delhi,28,Lead Generation,2.51,3.43,17.2,462.03
CAMP_0827,Instagram,58180.59,346502,7611,20840,416,322,1077641.54,35-44,Delhi,6,Sales,2.2,4.23,7.64,1752.24
CAMP_0828,Instagram,54410.96,283683,9820,16901,302,138,152904.7,45-54,Delhi,10,Brand Awareness,3.46,1.41,5.54,181.02
CAMP_0829,Facebook,63019.52,451447,12788,35469,590,427,492341.21,18-24,Mumbai,21,Brand Awareness,2.83,3.34,4.93,681.25
CAMP_0830,Instagram,30108.48,192945,5900,9019,340,178,717458.39,45-54,Bangalore,29,Lead Generation,3.06,3.02,5.1,2282.91
CAMP_0831,Google Ads,32287.93,96698,6091,8311,739,535,1360205.04,18-24,Hyderabad,7,Brand Awareness,6.3,8.78,5.3,4112.74
CAMP_0832,Instagram,53577.21,278746,7022,11938,167,134,343927.85,55+,Bangalore,15,Website Traffic,2.52,1.91,7.63,541.93
CAMP_0833,Google Ads,81635.16,218684,12704,33246,672,565,2429776.52,25-34,Mumbai,18,Website Traffic,5.81,4.45,6.43,2876.38
CAMP_0834,Google Ads,9737.13,30845,1753,3567,130,69,141640.07,55+,Chennai,3,Lead Generation,5.68,3.94,5.55,1354.64
CAMP_0835,Instagram,62323.4,358773,9681,13718,347,185,763917.75,55+,Mumbai,15,Website Traffic,2.7,1.91,6.44,1125.73
CAMP_0836,Instagram,81643.92,432556,18700,28499,1085,912,4019473.18,45-54,Delhi,24,Sales,4.32,4.88,4.37,4823.18
CAMP_0837,LinkedIn,19907.14,45239,788,1338,67,52,92045.15,25-34,Chennai,13,Lead Generation,1.74,6.6,25.26,362.37
CAMP_0838,Instagram,6427.14,31742,990,2123,90,34,93518.36,18-24,Delhi,23,Lead Generation,3.12,3.43,6.49,1355.05
CAMP_0839,Facebook,34707.76,233716,5334,9237,336,214,604267.98,18-24,Coimbatore,10,Sales,2.28,4.01,6.51,1641.02
CAMP_0840,Facebook,60873.65,364299,9900,23713,366,161,646931.04,35-44,Mumbai,27,Website Traffic,2.72,1.63,6.15,962.74
CAMP_0841,Google Ads,18136.9,57987,4530,9903,462,391,779681.09,18-24,Mumbai,10,Website Traffic,7.81,8.63,4.0,4198.87
CAMP_0842,Facebook,45481.63,289039,7725,20070,453,190,716861.03,45-54,Hyderabad,26,Website Traffic,2.67,2.46,5.89,1476.16
CAMP_0843,Google Ads,57470.54,151429,9106,18226,801,504,2215395.81,55+,Bangalore,30,Lead Generation,6.01,5.53,6.31,3754.84
CAMP_0844,LinkedIn,61893.89,146719,3093,5351,128,87,341493.44,55+,Chennai,16,Lead Generation,2.11,2.81,20.01,451.74
CAMP_0845,Google Ads,31069.11,90998,4841,13526,286,234,976459.77,55+,Chennai,15,Website Traffic,5.32,4.83,6.42,3042.86
CAMP_0846,Instagram,43002.82,242775,7196,12730,225,174,600313.22,25-34,Hyderabad,5,Brand Awareness,2.96,2.42,5.98,1295.99
CAMP_0847,Google Ads,78942.23,218870,13061,24630,968,458,1902642.26,18-24,Hyderabad,6,Website Traffic,5.97,3.51,6.04,2310.17
CAMP_0848,LinkedIn,94415.4,201766,3474,8666,179,114,170254.7,45-54,Bangalore,29,Sales,1.72,3.28,27.18,80.33
CAMP_0849,Instagram,86878.63,496685,14945,20053,987,816,2827032.89,25-34,Delhi,22,Lead Generation,3.01,5.46,5.81,3154.0
CAMP_0850,Facebook,58606.93,334666,10956,19922,539,387,1367951.53,35-44,Bangalore,17,Sales,3.27,3.53,5.35,2234.11
CAMP_0851,Google Ads,43977.82,126167,6852,9162,630,437,1084219.47,45-54,Mumbai,17,Sales,5.43,6.38,6.42,2365.38
CAMP_0852,Facebook,36630.88,231234,7888,11224,416,303,359678.72,45-54,Delhi,29,Lead Generation,3.41,3.84,4.64,881.9
CAMP_0853,Google Ads,16870.87,52015,2813,3396,300,153,480542.02,45-54,Coimbatore,23,Brand Awareness,5.41,5.44,6.0,2748.35
CAMP_0854,YouTube,15122.37,70659,1132,1376,34,24,26082.5,55+,Bangalore,15,Website Traffic,1.6,2.12,13.36,72.48
CAMP_0855,Google Ads,70393.97,213508,4502,8142,379,177,402966.87,45-54,Hyderabad,11,Sales,2.11,3.93,15.64,472.45
CAMP_0856,Google Ads,29680.47,97511,3589,8953,271,153,354533.56,18-24,Delhi,30,Lead Generation,3.68,4.26,8.27,1094.5
CAMP_0857,Google Ads,29192.86,87090,3354,7175,239,190,854263.0,45-54,Bangalore,27,Sales,3.85,5.66,8.7,2826.27
CAMP_0858,Instagram,99828.53,581094,19487,43181,694,249,492842.54,55+,Chennai,12,Website Traffic,3.35,1.28,5.12,393.69
CAMP_0859,Facebook,22852.97,132470,3061,6216,138,77,296729.83,45-54,Coimbatore,14,Brand Awareness,2.31,2.52,7.47,1198.43
CAMP_0860,Google Ads,19065.68,56668,2009,5046,156,75,81856.36,35-44,Mumbai,16,Brand Awareness,3.55,3.73,9.49,329.34
CAMP_0861,YouTube,14375.1,69161,1418,3699,65,29,81407.57,35-44,Chennai,3,Brand Awareness,2.05,2.05,10.14,466.31
CAMP_0862,Instagram,60081.51,320051,8247,21109,311,239,676869.52,55+,Chennai,16,Lead Generation,2.58,2.9,7.29,1026.59
CAMP_0863,Instagram,64647.06,325499,11284,28203,537,375,1186312.3,18-24,Coimbatore,16,Lead Generation,3.47,3.32,5.73,1735.06
CAMP_0864,Instagram,39696.65,251061,8668,12936,497,202,770835.78,18-24,Mumbai,10,Brand Awareness,3.45,2.33,4.58,1841.82
CAMP_0865,Instagram,55864.27,309485,10873,23379,754,450,1639315.88,25-34,Hyderabad,18,Website Traffic,3.51,4.14,5.14,2834.46
CAMP_0866,Facebook,79897.96,518196,7828,16685,402,235,855312.88,55+,Delhi,16,Website Traffic,1.51,3.0,10.21,970.51
CAMP_0867,Google Ads,82719.9,211720,11740,24005,700,295,724596.16,45-54,Mumbai,3,Lead Generation,5.55,2.51,7.05,775.96
CAMP_0868,Google Ads,96001.65,331969,17859,35170,1498,1123,3951721.71,55+,Bangalore,18,Brand Awareness,5.38,6.29,5.38,4016.31
CAMP_0869,YouTube,83305.46,458823,7517,10093,166,89,237517.56,25-34,Chennai,20,Website Traffic,1.64,1.18,11.08,185.12
CAMP_0870,LinkedIn,58659.94,143309,1587,2164,98,72,82153.75,55+,Bangalore,9,Website Traffic,1.11,4.54,36.96,40.05
CAMP_0871,Instagram,22067.41,136178,4272,11294,230,103,422779.4,55+,Hyderabad,17,Website Traffic,3.14,2.41,5.17,1815.85
CAMP_0872,Google Ads,14477.54,43763,2868,6333,149,76,311948.68,25-34,Bangalore,26,Lead Generation,6.55,2.65,5.05,2054.71
CAMP_0873,Facebook,10178.63,64898,973,1576,31,12,24748.36,18-24,Mumbai,19,Brand Awareness,1.5,1.23,10.46,143.14
CAMP_0874,Instagram,68319.95,394375,10729,17669,433,183,766779.05,45-54,Bangalore,21,Sales,2.72,1.71,6.37,1022.34
CAMP_0875,Google Ads,81715.94,241111,13575,29543,722,572,2075640.73,25-34,Hyderabad,25,Brand Awareness,5.63,4.21,6.02,2440.07
CAMP_0876,Google Ads,53324.98,164987,10912,20199,762,308,721608.4,35-44,Hyderabad,15,Brand Awareness,6.61,2.82,4.89,1253.23
CAMP_0877,Facebook,10197.85,58633,1549,2953,57,23,48148.66,18-24,Hyderabad,11,Lead Generation,2.64,1.48,6.58,372.15
CAMP_0878,Facebook,55869.7,338137,12759,16549,504,413,1821542.17,35-44,Mumbai,26,Website Traffic,3.77,3.24,4.38,3160.34
CAMP_0879,Google Ads,93896.18,313165,11658,16577,1492,1004,3479318.9,18-24,Hyderabad,26,Website Traffic,3.72,8.61,8.05,3605.5
CAMP_0880,Google Ads,61773.25,165772,5807,10623,416,167,378040.54,45-54,Chennai,17,Lead Generation,3.5,2.88,10.64,511.98
CAMP_0881,Google Ads,81895.61,275438,17924,41575,905,756,2427623.35,45-54,Hyderabad,27,Lead Generation,6.51,4.22,4.57,2864.29
CAMP_0882,Facebook,81014.5,442446,7149,9128,246,104,307579.41,55+,Bangalore,28,Lead Generation,1.62,1.45,11.33,279.66
CAMP_0883,Google Ads,93552.26,293578,17488,30347,1142,837,2333844.0,35-44,Delhi,5,Lead Generation,5.96,4.79,5.35,2394.7
CAMP_0884,Google Ads,78171.73,247090,12869,29755,686,252,811673.56,18-24,Bangalore,26,Lead Generation,5.21,1.96,6.07,938.32
CAMP_0885,YouTube,76031.55,361435,6359,15689,200,132,374280.03,45-54,Delhi,3,Sales,1.76,2.08,11.96,392.27
CAMP_0886,Google Ads,27239.75,83895,4260,6409,200,125,407155.66,25-34,Bangalore,18,Brand Awareness,5.08,2.93,6.39,1394.71
CAMP_0887,Facebook,10692.89,61245,1317,3122,61,28,116682.91,45-54,Mumbai,10,Brand Awareness,2.15,2.13,8.12,991.22
CAMP_0888,Google Ads,54171.95,171786,8907,24304,777,522,2336343.53,25-34,Bangalore,25,Brand Awareness,5.18,5.86,6.08,4212.83
CAMP_0889,Google Ads,16821.25,61702,3404,9024,304,200,690686.55,18-24,Mumbai,15,Website Traffic,5.52,5.88,4.94,4006.04
CAMP_0890,Google Ads,96408.61,300930,15311,37711,1678,1257,5329874.69,45-54,Mumbai,10,Sales,5.09,8.21,6.3,5428.42
CAMP_0891,Facebook,32542.85,189052,4736,11081,158,124,494794.34,45-54,Hyderabad,19,Brand Awareness,2.51,2.62,6.87,1420.44
CAMP_0892,YouTube,86029.7,376430,8267,13031,190,115,225645.48,18-24,Chennai,24,Website Traffic,2.2,1.39,10.41,162.29
CAMP_0893,YouTube,41824.34,192396,5247,11618,206,123,523791.65,45-54,Delhi,25,Sales,2.73,2.34,7.97,1152.36
CAMP_0894,Instagram,35703.45,194090,5913,13181,405,268,309516.52,25-34,Hyderabad,16,Sales,3.05,4.53,6.04,766.91
CAMP_0895,Facebook,93840.06,567377,18231,33744,1119,800,1670174.84,45-54,Hyderabad,29,Website Traffic,3.21,4.39,5.15,1679.81
CAMP_0896,Google Ads,39515.64,136600,6206,12343,556,294,941917.72,35-44,Mumbai,23,Sales,4.54,4.74,6.37,2283.66
CAMP_0897,Instagram,42077.35,243437,5919,13676,207,125,349611.95,55+,Mumbai,23,Website Traffic,2.43,2.11,7.11,730.88
CAMP_0898,YouTube,15078.72,67890,1542,4199,37,24,68464.43,25-34,Delhi,9,Brand Awareness,2.27,1.56,9.78,354.05
CAMP_0899,Google Ads,68692.43,212760,11210,18749,877,740,2783582.51,35-44,Bangalore,29,Website Traffic,5.27,6.6,6.13,3952.24
CAMP_0900,Google Ads,32439.74,102779,6802,10844,424,273,437054.78,18-24,Bangalore,17,Sales,6.62,4.01,4.77,1247.28
CAMP_0901,Google Ads,60632.4,197970,13486,29169,1103,510,2262090.64,25-34,Hyderabad,18,Brand Awareness,6.81,3.78,4.5,3630.83
CAMP_0902,Google Ads,61178.41,210795,13345,18807,1214,782,1935332.4,55+,Coimbatore,21,Brand Awareness,6.33,5.86,4.58,3063.42
CAMP_0903,Google Ads,73323.97,221587,13980,29806,826,628,2712605.65,55+,Coimbatore,8,Lead Generation,6.31,4.49,5.24,3599.48
CAMP_0904,Facebook,75797.94,436050,4682,6284,197,153,348720.22,18-24,Bangalore,25,Lead Generation,1.07,3.27,16.19,360.07
CAMP_0905,Instagram,53872.98,285979,9884,19619,568,426,1306300.04,18-24,Coimbatore,3,Sales,3.46,4.31,5.45,2324.78
CAMP_0906,YouTube,36444.24,154052,3738,8196,119,94,236985.4,25-34,Bangalore,14,Website Traffic,2.43,2.51,9.75,550.27
CAMP_0907,YouTube,84557.84,337432,5464,7170,82,42,140001.4,45-54,Mumbai,20,Website Traffic,1.62,0.77,15.48,65.57
CAMP_0908,Instagram,34437.24,212908,6824,10448,300,181,282549.87,18-24,Hyderabad,18,Sales,3.21,2.65,5.05,720.48
CAMP_0909,Google Ads,53213.36,177661,7937,13783,465,344,805738.38,45-54,Chennai,14,Brand Awareness,4.47,4.33,6.7,1414.17
CAMP_0910,Instagram,43119.0,195789,7424,13287,508,245,280812.15,35-44,Hyderabad,22,Sales,3.79,3.3,5.81,551.25
CAMP_0911,Facebook,86232.45,548350,12712,29006,242,130,396911.46,55+,Bangalore,15,Sales,2.32,1.02,6.78,360.28
CAMP_0912,Google Ads,46032.26,139515,6578,13461,729,558,2436035.0,45-54,Bangalore,10,Brand Awareness,4.71,8.48,7.0,5192.02
CAMP_0913,Facebook,41679.42,250162,6419,11627,290,213,226901.12,55+,Hyderabad,29,Website Traffic,2.57,3.32,6.49,444.4
CAMP_0914,Instagram,70533.25,313904,14112,27110,601,502,1643883.38,45-54,Delhi,28,Sales,4.5,3.56,5.0,2230.65
CAMP_0915,Facebook,62231.91,388164,12834,15667,449,381,1406024.37,35-44,Bangalore,24,Website Traffic,3.31,2.97,4.85,2159.33
CAMP_0916,Instagram,15188.45,84900,3505,8527,156,73,121704.89,18-24,Coimbatore,3,Sales,4.13,2.08,4.33,701.3
CAMP_0917,Instagram,53276.04,268111,5780,7315,429,343,645892.14,35-44,Coimbatore,28,Brand Awareness,2.16,5.93,9.22,1112.35
CAMP_0918,LinkedIn,74870.45,187978,2611,6598,257,102,165820.57,18-24,Bangalore,23,Brand Awareness,1.39,3.91,28.68,121.48
CAMP_0919,YouTube,99247.1,479683,12500,25820,499,352,693681.29,18-24,Bangalore,9,Lead Generation,2.61,2.82,7.94,598.94
CAMP_0920,Google Ads,64768.95,185137,6956,14222,591,272,352592.84,55+,Delhi,17,Brand Awareness,3.76,3.91,9.31,444.39
CAMP_0921,YouTube,40177.84,197573,3647,8488,122,61,136228.39,35-44,Coimbatore,24,Lead Generation,1.85,1.67,11.02,239.06
CAMP_0922,Instagram,26484.4,141656,6210,15993,341,281,626108.77,45-54,Bangalore,15,Sales,4.38,4.52,4.26,2264.07
CAMP_0923,YouTube,87918.87,433364,7522,20371,361,174,662272.33,35-44,Bangalore,15,Website Traffic,1.74,2.31,11.69,653.28
CAMP_0924,YouTube,82383.7,331245,4676,9676,209,143,541033.34,55+,Delhi,30,Brand Awareness,1.41,3.06,17.62,556.72
CAMP_0925,Instagram,27222.67,153295,4947,7129,193,85,320297.35,18-24,Delhi,11,Brand Awareness,3.23,1.72,5.5,1076.58
CAMP_0926,Google Ads,24060.05,67872,2537,6611,138,55,161773.11,55+,Hyderabad,26,Brand Awareness,3.74,2.17,9.48,572.37
CAMP_0927,Google Ads,72937.99,212662,14301,18092,1129,587,1216951.07,25-34,Delhi,17,Sales,6.72,4.1,5.1,1568.47
CAMP_0928,Facebook,34920.45,184526,4334,10799,182,121,287916.14,25-34,Chennai,6,Lead Generation,2.35,2.79,8.06,724.49
CAMP_0929,Facebook,34107.89,192122,4319,9885,327,155,316800.88,45-54,Coimbatore,15,Sales,2.25,3.59,7.9,828.82
CAMP_0930,Google Ads,19467.57,54800,3030,8022,227,114,341423.21,55+,Hyderabad,29,Website Traffic,5.53,3.76,6.42,1653.8
CAMP_0931,Google Ads,30077.67,83726,4270,11255,230,162,692829.42,45-54,Chennai,14,Sales,5.1,3.79,7.04,2203.47
CAMP_0932,YouTube,45613.22,210461,4620,5937,248,100,192418.84,45-54,Bangalore,7,Website Traffic,2.2,2.16,9.87,321.85
CAMP_0933,LinkedIn,74619.64,142392,2804,6099,153,88,224564.26,25-34,Bangalore,9,Brand Awareness,1.97,3.14,26.61,200.95
CAMP_0934,Instagram,36949.27,210181,6463,9045,498,409,1332694.17,45-54,Hyderabad,10,Website Traffic,3.07,6.33,5.72,3506.82
CAMP_0935,Google Ads,36217.41,122287,5320,7052,419,230,906407.39,25-34,Delhi,7,Website Traffic,4.35,4.32,6.81,2402.68
CAMP_0936,Google Ads,32066.76,93081,5793,11107,564,320,579840.68,18-24,Bangalore,11,Lead Generation,6.22,5.52,5.54,1708.23
CAMP_0937,Google Ads,50436.95,156544,7535,10219,534,384,733072.83,55+,Mumbai,16,Website Traffic,4.81,5.1,6.69,1353.44
CAMP_0938,LinkedIn,22160.49,47923,728,1721,28,21,85818.51,45-54,Hyderabad,28,Website Traffic,1.52,2.88,30.44,287.26
CAMP_0939,Google Ads,51134.92,154536,8718,23977,404,297,353111.98,25-34,Chennai,14,Sales,5.64,3.41,5.87,590.55
CAMP_0940,Facebook,71896.68,357489,6535,13798,253,215,662116.45,35-44,Hyderabad,6,Brand Awareness,1.83,3.29,11.0,820.93
CAMP_0941,Google Ads,7830.1,22263,1311,2066,52,20,79952.79,45-54,Coimbatore,22,Sales,5.89,1.53,5.97,921.1
CAMP_0942,Facebook,5929.04,41389,1200,3059,35,29,122329.94,18-24,Delhi,10,Sales,2.9,2.42,4.94,1963.23
CAMP_0943,Facebook,12136.68,77819,2619,6718,80,66,62414.49,18-24,Delhi,19,Brand Awareness,3.37,2.52,4.63,414.26
CAMP_0944,YouTube,55887.71,249130,4761,11295,99,77,171771.41,35-44,Hyderabad,10,Brand Awareness,1.91,1.62,11.74,207.35
CAMP_0945,Google Ads,86173.23,225758,15378,33589,1212,699,1276481.11,25-34,Bangalore,23,Website Traffic,6.81,4.55,5.6,1381.3
CAMP_0946,Google Ads,5464.02,17885,1077,2788,76,60,176695.04,45-54,Bangalore,29,Website Traffic,6.02,5.57,5.07,3133.79
CAMP_0947,Google Ads,93982.82,272276,14903,21777,1340,617,1961013.69,25-34,Mumbai,3,Lead Generation,5.47,4.14,6.31,1986.57
CAMP_0948,LinkedIn,15096.46,30227,722,1943,30,22,98982.14,18-24,Mumbai,22,Sales,2.39,3.05,20.91,555.66
CAMP_0949,YouTube,84988.44,351165,7501,20369,314,139,381686.35,25-34,Delhi,4,Brand Awareness,2.14,1.85,11.33,349.1
CAMP_0950,Facebook,50871.2,330934,8402,21805,417,316,911748.72,18-24,Mumbai,6,Website Traffic,2.54,3.76,6.05,1692.27
CAMP_0951,Facebook,67638.95,420344,12032,19264,384,252,602665.21,25-34,Chennai,26,Brand Awareness,2.86,2.09,5.62,791.0
CAMP_0952,Facebook,53514.88,357602,9041,23263,527,210,300643.99,35-44,Mumbai,23,Website Traffic,2.53,2.32,5.92,461.8
CAMP_0953,Google Ads,50319.58,171410,10062,20086,810,646,1286811.78,55+,Chennai,3,Lead Generation,5.87,6.42,5.0,2457.28
CAMP_0954,LinkedIn,84315.45,176283,3927,8450,120,77,137764.22,35-44,Mumbai,9,Lead Generation,2.23,1.96,21.47,63.39
CAMP_0955,Instagram,76809.21,425260,13589,34583,580,393,1487265.62,35-44,Delhi,3,Brand Awareness,3.2,2.89,5.65,1836.31
CAMP_0956,Instagram,50923.21,276049,8977,11197,552,271,776398.5,55+,Delhi,11,Lead Generation,3.25,3.02,5.67,1424.65
CAMP_0957,Instagram,15605.41,77252,2827,5034,136,107,210393.79,55+,Chennai,5,Brand Awareness,3.66,3.78,5.52,1248.21
CAMP_0958,Google Ads,15963.28,45025,3006,7530,132,82,218180.22,45-54,Hyderabad,14,Website Traffic,6.68,2.73,5.31,1266.76
CAMP_0959,Google Ads,81146.25,250252,12642,31634,579,325,548571.91,45-54,Delhi,21,Sales,5.05,2.57,6.42,576.03
CAMP_0960,Facebook,55292.11,343998,9931,25403,483,298,466804.41,35-44,Hyderabad,17,Lead Generation,2.89,3.0,5.57,744.25
CAMP_0961,Google Ads,50750.97,157900,9939,14618,1003,704,2813037.61,35-44,Bangalore,24,Website Traffic,6.29,7.08,5.11,5442.83
CAMP_0962,Facebook,69653.85,433480,12858,29952,666,465,2000113.37,18-24,Chennai,18,Sales,2.97,3.62,5.42,2771.5
CAMP_0963,Google Ads,86589.95,252929,9248,13265,820,434,515614.82,18-24,Delhi,12,Sales,3.66,4.69,9.36,495.47
CAMP_0964,Instagram,64742.95,420727,15845,38918,722,392,1432202.48,45-54,Coimbatore,24,Sales,3.77,2.47,4.09,2112.14
CAMP_0965,Instagram,77470.55,438373,15348,24437,541,341,863385.24,45-54,Bangalore,29,Website Traffic,3.5,2.22,5.05,1014.47
CAMP_0966,Instagram,77700.7,411796,14586,34722,839,681,1566502.88,18-24,Hyderabad,29,Website Traffic,3.54,4.67,5.33,1916.07
CAMP_0967,Facebook,38844.84,250594,5511,10625,246,178,601974.77,18-24,Delhi,8,Brand Awareness,2.2,3.23,7.05,1449.69
CAMP_0968,Instagram,31037.9,160690,5283,14676,359,196,364268.6,25-34,Chennai,19,Sales,3.29,3.71,5.88,1073.63
CAMP_0969,Facebook,81110.59,508025,16384,34862,419,217,211378.05,25-34,Mumbai,23,Sales,3.23,1.32,4.95,160.6
CAMP_0970,Instagram,40831.99,234116,6304,13945,254,155,258913.59,18-24,Coimbatore,30,Sales,2.69,2.46,6.48,534.09
CAMP_0971,Facebook,90816.92,592623,14740,26371,589,462,723367.39,25-34,Hyderabad,24,Brand Awareness,2.49,3.13,6.16,696.51
CAMP_0972,LinkedIn,11620.62,23226,483,1147,31,11,11248.36,55+,Bangalore,26,Sales,2.08,2.28,24.06,-3.2
CAMP_0973,Facebook,10530.66,81766,2015,4014,149,105,215957.23,45-54,Chennai,19,Website Traffic,2.46,5.21,5.23,1950.75
CAMP_0974,Google Ads,93065.4,318326,16851,20708,514,256,667716.28,45-54,Coimbatore,23,Sales,5.29,1.52,5.52,617.47
CAMP_0975,Google Ads,66603.22,241978,10830,23542,776,352,1249242.12,18-24,Chennai,21,Lead Generation,4.48,3.25,6.15,1775.65
CAMP_0976,Google Ads,41061.94,125689,9177,23206,643,229,474575.2,35-44,Delhi,20,Website Traffic,7.3,2.5,4.47,1055.75
CAMP_0977,Facebook,76730.74,489035,14976,23645,942,752,1203459.41,18-24,Mumbai,13,Brand Awareness,3.06,5.02,5.12,1468.42
CAMP_0978,Google Ads,68871.05,215850,11326,17597,817,659,1140222.34,25-34,Bangalore,26,Sales,5.25,5.82,6.08,1555.59
CAMP_0979,Instagram,55464.1,294648,8678,18868,356,136,558720.3,35-44,Chennai,9,Lead Generation,2.95,1.57,6.39,907.35
CAMP_0980,Facebook,14392.97,95408,2081,5221,57,35,57294.77,25-34,Hyderabad,12,Brand Awareness,2.18,1.68,6.92,298.07
CAMP_0981,Instagram,82157.06,424162,13304,21278,561,239,971598.67,55+,Delhi,9,Brand Awareness,3.14,1.8,6.18,1082.61
CAMP_0982,YouTube,87272.2,418851,9849,26510,662,483,1212115.73,25-34,Delhi,7,Website Traffic,2.35,4.9,8.86,1288.89
CAMP_0983,Google Ads,21356.03,64078,3011,8081,221,151,643840.08,55+,Bangalore,14,Brand Awareness,4.7,5.01,7.09,2914.79
CAMP_0984,Google Ads,85798.61,276680,15506,23582,1418,707,1674976.11,55+,Delhi,18,Brand Awareness,5.6,4.56,5.53,1852.22
CAMP_0985,Facebook,88395.49,617073,16135,26172,717,293,451119.96,25-34,Hyderabad,27,Brand Awareness,2.61,1.82,5.48,410.34
CAMP_0986,Instagram,57195.72,314373,12559,29149,505,387,1113208.5,25-34,Chennai,23,Brand Awareness,3.99,3.08,4.55,1846.31
CAMP_0987,Facebook,67337.01,447125,11085,30182,470,323,974085.24,55+,Bangalore,20,Sales,2.48,2.91,6.07,1346.58
CAMP_0988,Instagram,41312.55,220170,8031,18759,312,110,350653.76,35-44,Delhi,5,Sales,3.65,1.37,5.14,748.78
CAMP_0989,Google Ads,31770.21,89899,6185,11825,419,278,662025.92,55+,Delhi,22,Sales,6.88,4.49,5.14,1983.79
CAMP_0990,YouTube,73588.4,378960,7418,10907,274,207,222517.72,45-54,Hyderabad,17,Sales,1.96,2.79,9.92,202.38
CAMP_0991,YouTube,86878.14,418522,7858,15226,354,228,719611.71,55+,Mumbai,7,Lead Generation,1.88,2.9,11.06,728.3
CAMP_0992,Facebook,67137.37,415096,13553,29421,858,483,2057052.83,35-44,Mumbai,15,Sales,3.27,3.56,4.95,2963.95
CAMP_0993,Google Ads,53601.11,176836,6608,11429,437,281,1221566.31,45-54,Delhi,21,Brand Awareness,3.74,4.25,8.11,2178.99
CAMP_0994,Facebook,20097.85,115398,3482,7021,161,106,323171.46,18-24,Chennai,14,Sales,3.02,3.04,5.77,1507.99
CAMP_0995,Instagram,10078.58,57973,1329,1872,57,38,36920.54,18-24,Bangalore,25,Sales,2.29,2.86,7.58,266.33
CAMP_0996,Google Ads,47340.72,150508,10099,19425,843,703,901062.19,35-44,Delhi,23,Website Traffic,6.71,6.96,4.69,1803.36
CAMP_0997,LinkedIn,9688.21,22650,389,523,21,9,35121.29,55+,Coimbatore,7,Brand Awareness,1.72,2.31,24.91,262.52
CAMP_0998,Google Ads,59086.79,208897,11302,14450,1471,973,3782128.82,25-34,Bangalore,8,Sales,5.41,8.61,5.23,6300.97
CAMP_0999,LinkedIn,41359.27,102558,1605,4127,111,49,210977.15,35-44,Mumbai,9,Sales,1.56,3.05,25.77,410.11
CAMP_1000,Instagram,76932.97,379918,8694,13286,482,219,641579.75,45-54,Delhi,28,Sales,2.29,2.52,8.85,733.95
CAMP_1001,Google Ads,34036.61,89387,6036,12798,407,279,1118717.09,45-54,Hyderabad,12,Lead Generation,6.75,4.62,5.64,3186.81
CAMP_1002,Facebook,61333.36,390869,10607,15257,313,253,979007.01,18-24,Coimbatore,18,Sales,2.71,2.39,5.78,1496.21
CAMP_1003,YouTube,56079.93,258362,8559,13866,558,240,725259.58,45-54,Delhi,10,Website Traffic,3.31,2.8,6.55,1193.26
CAMP_1004,Facebook,5447.68,30953,740,1316,39,32,119075.05,35-44,Chennai,11,Brand Awareness,2.39,4.32,7.36,2085.79
CAMP_1005,YouTube,11876.99,49837,925,1323,35,18,24346.04,45-54,Coimbatore,29,Brand Awareness,1.86,1.95,12.84,104.98
CAMP_1006,Facebook,32584.98,191105,4487,5714,289,158,505778.53,35-44,Delhi,6,Sales,2.35,3.52,7.26,1452.18
CAMP_1007,Facebook,88812.33,614361,16657,43366,555,237,1026784.36,25-34,Chennai,23,Sales,2.71,1.42,5.33,1056.13
CAMP_1008,YouTube,18966.42,82952,2236,2726,73,48,71186.26,18-24,Coimbatore,23,Sales,2.7,2.15,8.48,275.33
CAMP_1009,Google Ads,72534.96,199401,12961,16825,1139,738,2640972.6,45-54,Chennai,10,Brand Awareness,6.5,5.69,5.6,3540.97
CAMP_1010,Instagram,97469.82,538708,12570,31276,705,403,828096.03,35-44,Chennai,27,Brand Awareness,2.33,3.21,7.75,749.59
CAMP_1011,Google Ads,80103.92,250270,16748,27655,1167,686,2635319.85,55+,Coimbatore,9,Lead Generation,6.69,4.1,4.78,3189.88
CAMP_1012,LinkedIn,28079.81,57247,1157,2726,61,40,136398.37,18-24,Coimbatore,17,Website Traffic,2.02,3.46,24.27,385.75
CAMP_1013,LinkedIn,91294.7,212459,4156,5960,333,214,906124.65,25-34,Chennai,23,Lead Generation,1.96,5.15,21.97,892.53
CAMP_1014,Google Ads,13845.18,47203,2276,3595,173,93,322055.98,35-44,Mumbai,5,Website Traffic,4.82,4.09,6.08,2226.12
CAMP_1015,Facebook,49473.48,300418,7488,15848,184,146,347059.25,25-34,Coimbatore,19,Lead Generation,2.49,1.95,6.61,601.51
CAMP_1016,LinkedIn,89316.48,174601,3220,8957,212,145,136185.9,25-34,Delhi,13,Brand Awareness,1.84,4.5,27.74,52.48
CAMP_1017,Google Ads,65920.24,201489,9978,13146,530,240,901080.2,45-54,Bangalore,11,Lead Generation,4.95,2.41,6.61,1266.92
CAMP_1018,Facebook,44296.23,283533,9815,18068,678,346,820183.96,45-54,Hyderabad,7,Website Traffic,3.46,3.53,4.51,1751.59
CAMP_1019,LinkedIn,32817.22,60338,970,1231,35,26,86171.35,35-44,Chennai,27,Sales,1.61,2.68,33.83,162.58
CAMP_1020,Google Ads,40634.44,131874,4711,7155,273,110,140606.33,55+,Chennai,12,Website Traffic,3.57,2.33,8.63,246.03
CAMP_1021,Facebook,53349.47,323431,6935,18391,271,197,809174.96,35-44,Hyderabad,17,Sales,2.14,2.84,7.69,1416.74
CAMP_1022,Instagram,35309.17,196848,4895,6629,270,143,352976.63,55+,Mumbai,30,Brand Awareness,2.49,2.92,7.21,899.67
CAMP_1023,LinkedIn,97051.95,210674,3612,9286,191,120,505306.83,25-34,Hyderabad,16,Website Traffic,1.71,3.32,26.87,420.66
CAMP_1024,LinkedIn,93642.38,195551,3657,5429,163,80,275621.02,18-24,Coimbatore,6,Lead Generation,1.87,2.19,25.61,194.33
CAMP_1025,LinkedIn,87713.79,193189,3511,9054,279,235,314257.07,35-44,Hyderabad,23,Website Traffic,1.82,6.69,24.98,258.28
CAMP_1026,Instagram,45073.83,240215,8325,17156,411,330,985085.58,35-44,Chennai,22,Sales,3.47,3.96,5.41,2085.49
CAMP_1027,YouTube,70673.67,312054,6256,16298,205,167,697352.59,55+,Hyderabad,4,Brand Awareness,2.0,2.67,11.3,886.72
CAMP_1028,YouTube,90768.78,383526,7740,11167,265,117,442247.6,25-34,Bangalore,14,Lead Generation,2.02,1.51,11.73,387.22
CAMP_1029,Instagram,85790.8,497082,20923,50618,791,610,1466884.98,25-34,Delhi,3,Website Traffic,4.21,2.92,4.1,1609.84
CAMP_1030,YouTube,44361.07,221592,5663,12963,224,138,598675.99,55+,Coimbatore,26,Sales,2.56,2.44,7.83,1249.55
CAMP_1031,Google Ads,15676.67,45567,2690,5565,126,89,166151.81,25-34,Hyderabad,22,Lead Generation,5.9,3.31,5.83,959.87
CAMP_1032,Facebook,12184.88,75444,2461,6145,150,69,155276.75,45-54,Chennai,7,Brand Awareness,3.26,2.8,4.95,1174.34
CAMP_1033,Google Ads,59821.08,170562,6128,13710,237,167,601028.16,18-24,Delhi,8,Lead Generation,3.59,2.73,9.76,904.71
CAMP_1034,Google Ads,66049.65,212813,9972,25960,733,592,1029166.19,35-44,Coimbatore,26,Brand Awareness,4.69,5.94,6.62,1458.17
CAMP_1035,Google Ads,85735.05,272728,13833,25034,1197,579,1595346.55,18-24,Chennai,13,Lead Generation,5.07,4.19,6.2,1760.79
CAMP_1036,Facebook,32788.93,195439,4674,10020,132,62,218465.75,35-44,Mumbai,10,Website Traffic,2.39,1.33,7.02,566.28
CAMP_1037,Instagram,20909.7,115396,2665,6910,110,44,141604.49,45-54,Bangalore,9,Sales,2.31,1.65,7.85,577.22
CAMP_1038,Facebook,41005.55,274025,8254,12742,297,144,210143.76,25-34,Mumbai,6,Website Traffic,3.01,1.74,4.97,412.48
CAMP_1039,Google Ads,38589.64,105086,7221,14277,504,311,984867.69,55+,Bangalore,8,Website Traffic,6.87,4.31,5.34,2452.16
CAMP_1040,Instagram,17584.55,87596,2797,7656,59,45,133279.11,45-54,Hyderabad,18,Brand Awareness,3.19,1.61,6.29,657.93
CAMP_1041,Facebook,68866.85,450452,14084,27573,519,254,738693.31,18-24,Coimbatore,22,Brand Awareness,3.13,1.8,4.89,972.64
CAMP_1042,YouTube,53325.73,243446,5073,8140,230,152,588813.02,55+,Hyderabad,17,Brand Awareness,2.08,3.0,10.51,1004.18
CAMP_1043,Instagram,73506.66,406078,11961,21072,842,497,776326.76,25-34,Bangalore,16,Website Traffic,2.95,4.16,6.15,956.13
CAMP_1044,Facebook,38505.66,258816,8446,22096,446,220,793240.26,45-54,Bangalore,25,Lead Generation,3.26,2.6,4.56,1960.06
CAMP_1045,YouTube,35941.71,172578,2692,7343,114,69,251114.02,55+,Bangalore,14,Lead Generation,1.56,2.56,13.35,598.67
CAMP_1046,Facebook,49894.71,354629,6599,17950,225,98,343149.31,45-54,Delhi,14,Website Traffic,1.86,1.49,7.56,587.75
CAMP_1047,Google Ads,88353.7,295873,12048,27931,583,390,1061379.51,45-54,Chennai,18,Website Traffic,4.07,3.24,7.33,1101.28
CAMP_1048,Google Ads,8826.72,28744,1824,3676,217,88,204506.68,25-34,Coimbatore,17,Sales,6.35,4.82,4.84,2216.9
CAMP_1049,YouTube,81459.12,368670,7864,11735,337,241,559321.9,35-44,Hyderabad,15,Brand Awareness,2.13,3.06,10.36,586.63
CAMP_1050,Google Ads,40053.82,123725,7266,10152,441,194,687092.01,55+,Hyderabad,13,Brand Awareness,5.87,2.67,5.51,1615.42
CAMP_1051,YouTube,86188.81,391666,10708,13874,498,423,1138897.1,25-34,Mumbai,19,Website Traffic,2.73,3.95,8.05,1221.4
CAMP_1052,Instagram,81209.29,459211,11618,14271,496,378,800740.61,45-54,Bangalore,23,Website Traffic,2.53,3.25,6.99,886.02
CAMP_1053,LinkedIn,38132.32,76558,1677,4369,109,57,179646.38,25-34,Bangalore,17,Lead Generation,2.19,3.4,22.74,371.11
CAMP_1054,YouTube,70918.27,329153,6419,16012,290,163,637858.21,35-44,Bangalore,16,Website Traffic,1.95,2.54,11.05,799.43
CAMP_1055,LinkedIn,20165.11,43939,713,1503,33,16,17942.9,55+,Hyderabad,12,Lead Generation,1.62,2.24,28.28,-11.02
CAMP_1056,Instagram,90146.75,515121,16725,46796,776,569,2503425.34,35-44,Mumbai,14,Website Traffic,3.25,3.4,5.39,2677.06
CAMP_1057,YouTube,43426.65,188271,4123,11235,91,49,61149.4,18-24,Chennai,18,Sales,2.19,1.19,10.53,40.81
CAMP_1058,Instagram,48284.43,254096,7823,17587,444,323,885749.09,55+,Delhi,17,Sales,3.08,4.13,6.17,1734.44
CAMP_1059,Instagram,72047.11,407649,14478,28135,738,265,772939.91,35-44,Coimbatore,12,Lead Generation,3.55,1.83,4.98,972.83
CAMP_1060,Facebook,82979.82,538426,15307,22095,543,227,317245.79,45-54,Chennai,6,Brand Awareness,2.84,1.48,5.42,282.32
CAMP_1061,YouTube,27452.56,118755,2404,4868,105,56,234983.7,55+,Hyderabad,29,Sales,2.02,2.33,11.42,755.96
CAMP_1062,LinkedIn,67828.26,166637,2775,4030,166,67,174017.86,55+,Delhi,25,Lead Generation,1.67,2.41,24.44,156.56
CAMP_1063,YouTube,42239.81,212157,4646,8537,142,92,130201.51,25-34,Delhi,11,Website Traffic,2.19,1.98,9.09,208.24
CAMP_1064,Instagram,40026.78,194222,4697,12721,271,102,353104.07,45-54,Delhi,23,Website Traffic,2.42,2.17,8.52,782.17
CAMP_1065,Instagram,70552.45,367593,9488,16577,503,392,1288996.21,18-24,Bangalore,22,Lead Generation,2.58,4.13,7.44,1727.0
CAMP_1066,Facebook,41782.41,263568,6892,9955,338,247,1078480.06,35-44,Coimbatore,11,Brand Awareness,2.61,3.58,6.06,2481.18
CAMP_1067,Google Ads,37880.31,121887,7361,15692,634,290,721943.04,25-34,Hyderabad,23,Lead Generation,6.04,3.94,5.15,1805.85
CAMP_1068,Google Ads,84409.4,308777,23533,50920,1592,942,1755949.7,35-44,Hyderabad,27,Lead Generation,7.62,4.0,3.59,1980.28
CAMP_1069,Instagram,14621.23,82145,2553,3855,120,69,77002.51,18-24,Delhi,26,Sales,3.11,2.7,5.73,426.65
CAMP_1070,Instagram,69209.8,380918,8297,12566,278,198,700769.02,18-24,Hyderabad,22,Lead Generation,2.18,2.39,8.34,912.53
CAMP_1071,Instagram,28628.91,144569,3968,11044,220,121,377786.16,55+,Coimbatore,13,Lead Generation,2.74,3.05,7.21,1219.6
CAMP_1072,Google Ads,6472.33,17661,1087,1728,101,37,162851.76,18-24,Coimbatore,13,Website Traffic,6.15,3.4,5.95,2416.12
CAMP_1073,Google Ads,20842.61,64437,2925,7433,112,55,190508.67,35-44,Mumbai,9,Sales,4.54,1.88,7.13,814.03
CAMP_1074,Google Ads,62632.85,227943,9590,18725,1246,727,3096570.23,45-54,Mumbai,23,Website Traffic,4.21,7.58,6.53,4844.0
CAMP_1075,LinkedIn,72367.08,158091,3180,6029,241,202,902876.1,45-54,Chennai,12,Website Traffic,2.01,6.35,22.76,1147.63
CAMP_1076,Instagram,7000.49,36487,1265,2115,48,38,92809.38,55+,Coimbatore,6,Brand Awareness,3.47,3.0,5.53,1225.76
CAMP_1077,Instagram,8460.42,48702,1145,2792,59,26,37467.61,35-44,Coimbatore,7,Brand Awareness,2.35,2.27,7.39,342.86
CAMP_1078,Facebook,90741.5,476140,11184,29180,398,283,454232.77,35-44,Coimbatore,7,Sales,2.35,2.53,8.11,400.58
CAMP_1079,Google Ads,11964.05,37625,2533,4098,226,185,378537.9,18-24,Mumbai,13,Sales,6.73,7.3,4.72,3063.96
CAMP_1080,LinkedIn,89947.31,213065,4424,5982,263,93,254078.3,35-44,Delhi,11,Brand Awareness,2.08,2.1,20.33,182.47
CAMP_1081,YouTube,26675.76,112062,1846,2620,77,55,73739.16,25-34,Delhi,30,Brand Awareness,1.65,2.98,14.45,176.43
CAMP_1082,Google Ads,75301.69,261087,9219,22757,507,294,583938.2,18-24,Hyderabad,18,Brand Awareness,3.53,3.19,8.17,675.46
CAMP_1083,Instagram,34424.66,201341,6754,12815,270,186,373498.76,25-34,Delhi,11,Brand Awareness,3.35,2.75,5.1,984.97
CAMP_1084,YouTube,86581.44,436935,8687,12258,408,266,243312.42,55+,Bangalore,24,Brand Awareness,1.99,3.06,9.97,181.02
CAMP_1085,LinkedIn,71543.21,141480,2630,4588,127,107,232725.8,45-54,Mumbai,6,Website Traffic,1.86,4.07,27.2,225.29
CAMP_1086,Instagram,43172.28,236379,8428,17048,555,274,361172.53,55+,Coimbatore,4,Sales,3.57,3.25,5.12,736.58
CAMP_1087,Facebook,12248.73,82202,1905,4883,75,56,137029.81,45-54,Delhi,16,Website Traffic,2.32,2.94,6.43,1018.73
CAMP_1088,Google Ads,74606.52,205208,10409,23179,630,294,472614.48,55+,Mumbai,5,Website Traffic,5.07,2.82,7.17,533.48
CAMP_1089,LinkedIn,63604.05,152051,2294,3399,166,94,362803.46,35-44,Delhi,20,Lead Generation,1.51,4.1,27.73,470.41
CAMP_1090,Google Ads,5276.61,16252,755,1098,64,54,64254.13,25-34,Chennai,23,Website Traffic,4.65,7.15,6.99,1117.72
CAMP_1091,LinkedIn,5894.89,14084,279,519,18,13,52212.91,45-54,Coimbatore,8,Brand Awareness,1.98,4.66,21.13,785.73
CAMP_1092,Facebook,81835.33,520369,14948,19736,473,240,717575.0,18-24,Chennai,13,Brand Awareness,2.87,1.61,5.47,776.85
CAMP_1093,Facebook,29642.98,206179,4149,9995,190,125,318888.3,25-34,Coimbatore,23,Lead Generation,2.01,3.01,7.14,975.76
CAMP_1094,Instagram,65432.7,325945,11792,21725,529,198,570056.32,18-24,Mumbai,20,Lead Generation,3.62,1.68,5.55,771.21
CAMP_1095,Google Ads,48150.37,154431,7958,13917,655,316,712261.75,25-34,Hyderabad,14,Lead Generation,5.15,3.97,6.05,1379.24
CAMP_1096,Google Ads,87025.85,239069,14974,30166,1106,784,1065771.84,25-34,Delhi,7,Lead Generation,6.26,5.24,5.81,1124.66
CAMP_1097,Google Ads,92111.31,297509,13374,31219,1529,971,3551109.48,55+,Delhi,11,Lead Generation,4.5,7.26,6.89,3755.24
CAMP_1098,Google Ads,99696.73,319723,14655,30936,1008,590,2501884.22,45-54,Bangalore,22,Website Traffic,4.58,4.03,6.8,2409.49
CAMP_1099,YouTube,19599.99,87059,1911,4747,71,49,211691.93,45-54,Chennai,30,Lead Generation,2.2,2.56,10.26,980.06
CAMP_1100,Instagram,86981.58,452931,11633,25674,511,281,931391.76,25-34,Delhi,28,Website Traffic,2.57,2.42,7.48,970.79
CAMP_1101,Google Ads,30272.03,92138,4817,11853,304,110,261497.58,35-44,Mumbai,20,Sales,5.23,2.28,6.28,763.83
CAMP_1102,LinkedIn,61127.51,136900,1927,4461,96,55,144215.27,35-44,Hyderabad,21,Lead Generation,1.41,2.85,31.72,135.93
CAMP_1103,YouTube,53048.42,246611,4814,7264,187,150,489761.48,18-24,Mumbai,5,Lead Generation,1.95,3.12,11.02,823.23
CAMP_1104,LinkedIn,6708.87,17213,308,395,21,16,61808.98,18-24,Chennai,11,Website Traffic,1.79,5.19,21.78,821.3
CAMP_1105,LinkedIn,93613.27,222565,4017,10627,202,112,251825.47,55+,Bangalore,6,Sales,1.8,2.79,23.3,169.01
CAMP_1106,Google Ads,12441.07,37053,1904,5166,135,49,205820.21,25-34,Delhi,19,Website Traffic,5.14,2.57,6.53,1554.36
CAMP_1107,Instagram,70380.8,409128,13878,32795,572,382,789739.07,18-24,Mumbai,19,Website Traffic,3.39,2.75,5.07,1022.09
CAMP_1108,YouTube,79575.65,387210,8348,19691,324,233,654985.18,18-24,Coimbatore,25,Lead Generation,2.16,2.79,9.53,723.1
CAMP_1109,Facebook,80552.35,477032,13142,21451,401,199,867819.59,25-34,Hyderabad,25,Brand Awareness,2.75,1.51,6.13,977.34
CAMP_1110,Google Ads,17871.98,58987,2879,5954,274,161,688680.09,55+,Mumbai,4,Brand Awareness,4.88,5.59,6.21,3753.41
CAMP_1111,YouTube,47519.15,190306,4765,13283,187,158,537939.81,18-24,Hyderabad,11,Website Traffic,2.5,3.32,9.97,1032.05
CAMP_1112,Google Ads,83795.74,247357,14551,37394,832,531,1098329.27,55+,Delhi,11,Lead Generation,5.88,3.65,5.76,1210.72
CAMP_1113,Google Ads,33754.52,93464,4182,7055,255,134,226262.5,45-54,Coimbatore,7,Sales,4.47,3.2,8.07,570.32
CAMP_1114,Facebook,49436.12,303759,9499,15974,309,205,243645.8,55+,Bangalore,17,Brand Awareness,3.13,2.16,5.2,392.85
CAMP_1115,Facebook,30915.42,185900,6025,11892,319,140,483161.82,35-44,Bangalore,17,Sales,3.24,2.32,5.13,1462.85
CAMP_1116,Facebook,49037.38,296751,8187,15124,422,190,515360.27,35-44,Coimbatore,5,Brand Awareness,2.76,2.32,5.99,950.95
CAMP_1117,Google Ads,89344.6,297416,16313,29263,1525,1239,3667732.03,55+,Hyderabad,21,Lead Generation,5.48,7.6,5.48,4005.15
CAMP_1118,YouTube,48236.8,220847,2919,6431,112,53,137832.43,35-44,Delhi,30,Website Traffic,1.32,1.82,16.53,185.74
CAMP_1119,Google Ads,57811.64,192228,8967,10925,552,279,736171.4,45-54,Mumbai,5,Sales,4.66,3.11,6.45,1173.4
CAMP_1120,Google Ads,43377.75,153192,9705,23499,482,300,886975.51,25-34,Coimbatore,8,Sales,6.34,3.09,4.47,1944.77
CAMP_1121,YouTube,48711.13,258517,4664,11119,163,130,544874.62,35-44,Chennai,6,Website Traffic,1.8,2.79,10.44,1018.58
CAMP_1122,LinkedIn,6441.55,14154,247,625,15,11,11062.91,35-44,Hyderabad,26,Sales,1.75,4.45,26.08,71.74
CAMP_1123,YouTube,31955.82,151468,2689,6847,88,33,124934.45,55+,Bangalore,15,Brand Awareness,1.78,1.23,11.88,290.96
CAMP_1124,YouTube,46475.26,208636,4563,9611,124,86,198303.83,45-54,Coimbatore,29,Website Traffic,2.19,1.88,10.19,326.69
CAMP_1125,Facebook,65210.71,440635,13212,32345,552,332,1189133.48,25-34,Bangalore,15,Brand Awareness,3.0,2.51,4.94,1723.52
CAMP_1126,Facebook,47754.93,318040,9579,19041,200,118,509133.98,55+,Hyderabad,29,Brand Awareness,3.01,1.23,4.99,966.14
CAMP_1127,Google Ads,37092.62,109789,4800,13068,283,197,394518.74,55+,Bangalore,13,Lead Generation,4.37,4.1,7.73,963.6
CAMP_1128,Instagram,41869.38,223055,7275,10950,237,106,129574.05,45-54,Coimbatore,7,Brand Awareness,3.26,1.46,5.76,209.47
CAMP_1129,Instagram,28017.87,172914,7103,18929,306,257,446222.51,25-34,Hyderabad,3,Lead Generation,4.11,3.62,3.94,1492.64
CAMP_1130,Google Ads,92826.96,277340,17309,27931,1351,909,1544876.58,45-54,Chennai,11,Sales,6.24,5.25,5.36,1564.25
CAMP_1131,Facebook,54565.61,337985,9623,13129,494,263,939083.03,25-34,Coimbatore,19,Sales,2.85,2.73,5.67,1621.02
CAMP_1132,Instagram,6273.9,36737,767,1459,31,20,22453.79,45-54,Mumbai,24,Lead Generation,2.09,2.61,8.18,257.89
CAMP_1133,Google Ads,6847.39,21115,1109,2422,141,65,70418.46,55+,Delhi,3,Brand Awareness,5.25,5.86,6.17,928.4
CAMP_1134,Google Ads,97431.36,341837,24373,38255,892,595,2021209.61,55+,Coimbatore,5,Website Traffic,7.13,2.44,4.0,1974.5
CAMP_1135,Facebook,26037.83,176186,6104,12753,361,131,380449.0,18-24,Hyderabad,17,Website Traffic,3.46,2.15,4.27,1361.14
CAMP_1136,Google Ads,81532.79,236768,14104,35156,901,469,1127458.72,35-44,Delhi,28,Lead Generation,5.96,3.33,5.78,1282.83
CAMP_1137,YouTube,10536.15,45648,834,1344,23,17,50512.55,45-54,Coimbatore,23,Sales,1.83,2.04,12.63,379.42
CAMP_1138,Instagram,92510.46,538105,17381,36996,859,648,2298386.32,18-24,Chennai,28,Sales,3.23,3.73,5.32,2384.46
CAMP_1139,Instagram,88069.62,487239,17762,30957,1046,498,633703.48,35-44,Chennai,25,Website Traffic,3.65,2.8,4.96,619.55
CAMP_1140,Facebook,59253.85,312844,10243,20974,515,319,922494.12,45-54,Mumbai,12,Lead Generation,3.27,3.11,5.78,1456.85
CAMP_1141,YouTube,5854.87,24546,544,1233,15,9,34811.11,25-34,Bangalore,10,Website Traffic,2.22,1.65,10.76,494.57
CAMP_1142,Instagram,29492.03,166913,6163,10851,349,196,432130.02,35-44,Delhi,14,Brand Awareness,3.69,3.18,4.79,1365.24
CAMP_1143,Facebook,43648.15,292236,8096,22597,306,142,517854.8,55+,Hyderabad,27,Brand Awareness,2.77,1.75,5.39,1086.43
CAMP_1144,Facebook,48706.09,326449,8971,18857,520,365,1439382.98,18-24,Hyderabad,24,Lead Generation,2.75,4.07,5.43,2855.24
CAMP_1145,Google Ads,33279.48,120329,6071,15294,306,146,562880.38,35-44,Bangalore,17,Lead Generation,5.05,2.4,5.48,1591.37
CAMP_1146,YouTube,8130.05,34911,789,1862,26,21,68066.94,35-44,Chennai,29,Brand Awareness,2.26,2.66,10.3,737.23
CAMP_1147,YouTube,61062.1,263263,6524,16731,320,197,686040.73,55+,Chennai,11,Sales,2.48,3.02,9.36,1023.51
CAMP_1148,Facebook,54794.69,341773,10790,15948,493,387,1445689.06,45-54,Coimbatore,26,Lead Generation,3.16,3.59,5.08,2538.37
CAMP_1149,YouTube,31885.06,125500,2058,3202,50,25,88533.84,25-34,Mumbai,27,Brand Awareness,1.64,1.21,15.49,177.67
CAMP_1150,YouTube,8607.72,39116,649,1285,23,17,42942.83,55+,Delhi,12,Brand Awareness,1.66,2.62,13.26,398.89
CAMP_1151,Facebook,99486.45,612065,20542,52664,477,194,285730.07,25-34,Mumbai,22,Sales,3.36,0.94,4.84,187.21
CAMP_1152,YouTube,50788.69,245480,5319,8065,197,144,290164.34,45-54,Mumbai,11,Sales,2.17,2.71,9.55,471.32
CAMP_1153,Facebook,76820.4,517060,15040,41416,648,352,579422.84,35-44,Coimbatore,17,Sales,2.91,2.34,5.11,654.26
CAMP_1154,Facebook,47969.83,308381,8935,12546,402,235,517281.75,25-34,Mumbai,25,Sales,2.9,2.63,5.37,978.35
CAMP_1155,Facebook,9101.18,56895,2095,3101,117,51,135741.19,18-24,Bangalore,23,Website Traffic,3.68,2.43,4.34,1391.47
CAMP_1156,YouTube,34412.07,160974,3109,4563,107,38,165397.58,18-24,Coimbatore,23,Sales,1.93,1.22,11.07,380.64
CAMP_1157,Google Ads,35410.46,103639,6846,14634,431,294,1280095.42,55+,Bangalore,3,Website Traffic,6.61,4.29,5.17,3515.02
CAMP_1158,YouTube,84643.53,382199,8364,22316,267,172,631329.21,45-54,Coimbatore,4,Lead Generation,2.19,2.06,10.12,645.87
CAMP_1159,YouTube,67151.85,305645,4569,7348,84,56,247996.28,55+,Mumbai,28,Brand Awareness,1.49,1.23,14.7,269.31
CAMP_1160,Google Ads,31165.84,96808,4534,9453,286,137,615521.4,55+,Bangalore,21,Website Traffic,4.68,3.02,6.87,1874.99
CAMP_1161,YouTube,96935.3,434586,8129,12041,254,119,486343.99,55+,Bangalore,16,Lead Generation,1.87,1.46,11.92,401.72
CAMP_1162,Google Ads,35546.47,105562,6948,15354,608,465,551589.0,18-24,Bangalore,10,Lead Generation,6.58,6.69,5.12,1451.74
CAMP_1163,Instagram,99832.23,509118,19891,27792,1182,864,2102767.58,18-24,Coimbatore,8,Website Traffic,3.91,4.34,5.02,2006.3
CAMP_1164,Facebook,99635.55,612505,18242,36230,540,280,790392.94,55+,Hyderabad,14,Lead Generation,2.98,1.53,5.46,693.28
CAMP_1165,Google Ads,23165.0,75833,3778,8494,249,167,224898.45,18-24,Mumbai,28,Lead Generation,4.98,4.42,6.13,870.85
CAMP_1166,YouTube,34710.41,135845,2385,5072,56,43,163876.02,45-54,Bangalore,29,Website Traffic,1.76,1.8,14.55,372.12
CAMP_1167,YouTube,51174.2,223356,5651,8047,255,203,291357.84,55+,Delhi,17,Lead Generation,2.53,3.59,9.06,469.35
CAMP_1168,Instagram,68089.56,440890,10846,15816,516,182,414957.01,18-24,Hyderabad,16,Sales,2.46,1.68,6.28,509.43
CAMP_1169,Google Ads,55164.51,169728,9160,20832,458,347,398385.1,25-34,Delhi,23,Sales,5.4,3.79,6.02,622.18
CAMP_1170,Instagram,97096.94,545959,24906,62122,1823,957,2668628.11,55+,Mumbai,3,Brand Awareness,4.56,3.84,3.9,2648.42
CAMP_1171,Facebook,73778.97,528948,13425,35615,407,289,881261.92,55+,Mumbai,30,Lead Generation,2.54,2.15,5.5,1094.46
CAMP_1172,LinkedIn,25144.26,57304,795,1989,65,35,124132.28,45-54,Bangalore,13,Brand Awareness,1.39,4.4,31.63,393.68
CAMP_1173,Facebook,14984.27,96216,1838,5070,83,54,114591.31,35-44,Bangalore,30,Sales,1.91,2.94,8.15,664.74
CAMP_1174,Google Ads,70398.12,203976,16073,29787,949,639,1933558.66,35-44,Coimbatore,27,Sales,7.88,3.98,4.38,2646.61
CAMP_1175,Facebook,20052.98,128468,3823,6613,131,72,255090.99,45-54,Hyderabad,5,Sales,2.98,1.88,5.25,1172.09
CAMP_1176,Facebook,79829.3,498343,11771,14656,465,282,1027418.08,45-54,Hyderabad,21,Lead Generation,2.36,2.4,6.78,1187.02
CAMP_1177,YouTube,34548.48,168658,3421,6568,154,110,218450.17,45-54,Bangalore,20,Lead Generation,2.03,3.22,10.1,532.3
CAMP_1178,Google Ads,36054.86,124185,6015,13487,409,241,275639.93,35-44,Mumbai,22,Sales,4.84,4.01,5.99,664.5
CAMP_1179,YouTube,6025.85,27457,383,959,13,5,5177.15,45-54,Bangalore,30,Brand Awareness,1.39,1.31,15.73,-14.08
CAMP_1180,Facebook,71596.07,461154,14744,24002,640,228,835623.88,18-24,Mumbai,4,Brand Awareness,3.2,1.55,4.86,1067.14
CAMP_1181,LinkedIn,15760.63,29728,538,1088,22,15,34313.7,55+,Mumbai,27,Website Traffic,1.81,2.79,29.29,117.72
CAMP_1182,Instagram,78423.65,357763,12901,29146,576,446,616458.34,55+,Bangalore,30,Sales,3.61,3.46,6.08,686.06
CAMP_1183,Facebook,51727.44,351571,9856,20526,686,509,796157.53,25-34,Chennai,28,Brand Awareness,2.8,5.16,5.25,1439.14
CAMP_1184,LinkedIn,79506.58,141417,2606,4270,164,83,303625.76,25-34,Hyderabad,9,Sales,1.84,3.18,30.51,281.89
CAMP_1185,Google Ads,60473.02,193927,6375,15772,391,229,699834.81,55+,Delhi,10,Brand Awareness,3.29,3.59,9.49,1057.27
CAMP_1186,LinkedIn,12831.16,28118,589,870,49,23,62216.18,18-24,Mumbai,21,Website Traffic,2.09,3.9,21.78,384.88
CAMP_1187,Facebook,77736.97,533717,12017,31821,848,716,2250264.35,35-44,Mumbai,24,Website Traffic,2.25,5.96,6.47,2794.72
CAMP_1188,Google Ads,11630.95,36244,1695,4617,108,52,72539.92,35-44,Chennai,17,Sales,4.68,3.07,6.86,523.68
CAMP_1189,Instagram,50476.66,320858,9292,16585,461,257,526477.88,18-24,Delhi,12,Brand Awareness,2.9,2.77,5.43,943.01
CAMP_1190,Facebook,21373.18,131403,2316,4173,81,56,125811.21,35-44,Coimbatore,24,Lead Generation,1.76,2.42,9.23,488.64
CAMP_1191,Google Ads,76471.84,260890,12844,30687,1158,913,1855391.27,45-54,Chennai,3,Website Traffic,4.92,7.11,5.95,2326.24
CAMP_1192,Facebook,91601.17,503887,12453,24035,524,197,790344.05,55+,Delhi,8,Sales,2.47,1.58,7.36,762.81
CAMP_1193,Instagram,57641.99,261258,7792,9707,504,252,754265.26,55+,Chennai,15,Sales,2.98,3.23,7.4,1208.53
CAMP_1194,Facebook,55078.99,343467,6672,17826,506,321,1131703.82,18-24,Mumbai,16,Brand Awareness,1.94,4.81,8.26,1954.69
CAMP_1195,Google Ads,77576.5,215263,13817,26103,968,638,1117866.55,35-44,Hyderabad,5,Sales,6.42,4.62,5.61,1340.99
CAMP_1196,YouTube,5482.49,24801,558,851,11,4,7402.67,25-34,Chennai,13,Website Traffic,2.25,0.72,9.83,35.02
CAMP_1197,LinkedIn,92187.07,198088,3011,6290,172,117,200211.52,25-34,Coimbatore,5,Sales,1.52,3.89,30.62,117.18
CAMP_1198,LinkedIn,23757.64,55351,892,1383,52,32,108055.25,35-44,Bangalore,21,Sales,1.61,3.59,26.63,354.82
CAMP_1199,Facebook,98491.29,563155,18147,27758,956,730,1574279.74,25-34,Delhi,12,Lead Generation,3.22,4.02,5.43,1498.39
CAMP_1200,Google Ads,74944.13,242157,12701,26331,939,433,1021145.15,18-24,Chennai,29,Lead Generation,5.24,3.41,5.9,1262.54
CAMP_1201,YouTube,78553.86,381742,6227,11368,198,89,307302.56,18-24,Chennai,17,Website Traffic,1.63,1.43,12.62,291.2
CAMP_1202,Google Ads,67339.28,206972,11212,23733,974,727,3197691.56,35-44,Coimbatore,13,Brand Awareness,5.42,6.48,6.01,4648.63
CAMP_1203,Google Ads,49808.0,161605,7148,19978,494,347,514514.64,25-34,Hyderabad,17,Lead Generation,4.42,4.85,6.97,933.0
CAMP_1204,Instagram,59304.63,303677,8479,21829,322,240,270152.3,18-24,Chennai,28,Brand Awareness,2.79,2.83,6.99,355.53
CAMP_1205,Instagram,9408.27,50668,1607,1948,63,47,75267.93,18-24,Chennai,29,Website Traffic,3.17,2.92,5.85,700.02
CAMP_1206,YouTube,64276.15,260796,6517,8348,288,116,411319.58,45-54,Hyderabad,26,Lead Generation,2.5,1.78,9.86,539.93
CAMP_1207,Facebook,64479.32,478397,18274,39767,972,476,761913.33,45-54,Coimbatore,15,Brand Awareness,3.82,2.6,3.53,1081.64
CAMP_1208,Instagram,89664.08,547102,21801,48006,854,410,1231504.15,18-24,Delhi,7,Lead Generation,3.98,1.88,4.11,1273.46
CAMP_1209,Google Ads,53037.35,187754,10193,26554,838,685,2072220.58,35-44,Delhi,6,Website Traffic,5.43,6.72,5.2,3807.1
CAMP_1210,LinkedIn,12328.72,30059,761,1679,65,39,76437.0,55+,Chennai,15,Website Traffic,2.53,5.12,16.2,519.99
CAMP_1211,Instagram,34088.61,179334,6315,9879,405,164,188176.0,55+,Hyderabad,11,Lead Generation,3.52,2.6,5.4,452.02
CAMP_1212,Instagram,67284.79,327916,8643,16851,283,140,327197.06,18-24,Chennai,27,Brand Awareness,2.64,1.62,7.78,386.29
CAMP_1213,Google Ads,27729.59,83715,4683,11681,252,198,311340.65,18-24,Bangalore,19,Sales,5.59,4.23,5.92,1022.77
CAMP_1214,YouTube,31650.14,149335,2765,7401,55,43,67256.45,18-24,Delhi,4,Sales,1.85,1.56,11.45,112.5
CAMP_1215,Facebook,82944.56,506366,10993,17359,226,181,503418.91,35-44,Mumbai,26,Lead Generation,2.17,1.65,7.55,506.93
CAMP_1216,Google Ads,60510.37,155288,6736,13899,421,229,761021.07,45-54,Bangalore,7,Brand Awareness,4.34,3.4,8.98,1157.67
CAMP_1217,Google Ads,53310.11,176551,9453,13747,754,506,592776.06,18-24,Chennai,18,Sales,5.35,5.35,5.64,1011.94
CAMP_1218,Facebook,35252.94,192160,6111,12193,302,148,441329.64,18-24,Coimbatore,9,Website Traffic,3.18,2.42,5.77,1151.89
CAMP_1219,Facebook,74438.16,449519,15007,20172,828,365,652008.96,25-34,Delhi,3,Brand Awareness,3.34,2.43,4.96,775.91
CAMP_1220,Google Ads,32333.25,115137,4914,13301,458,165,548439.05,35-44,Mumbai,30,Sales,4.27,3.36,6.58,1596.21
CAMP_1221,LinkedIn,75021.03,167368,2848,6325,167,77,293891.83,18-24,Bangalore,28,Brand Awareness,1.7,2.7,26.34,291.75
CAMP_1222,Google Ads,11659.64,39575,2367,6075,132,86,327251.42,25-34,Delhi,14,Lead Generation,5.98,3.63,4.93,2706.7
CAMP_1223,Instagram,87131.43,497494,16355,45749,1126,903,2015045.3,55+,Hyderabad,23,Brand Awareness,3.29,5.52,5.33,2212.65
CAMP_1224,LinkedIn,52458.81,107166,2170,3238,170,71,208894.13,18-24,Coimbatore,13,Sales,2.02,3.27,24.17,298.21
CAMP_1225,Instagram,46658.26,274336,8092,18698,416,337,1266211.0,18-24,Bangalore,14,Lead Generation,2.95,4.16,5.77,2613.8
CAMP_1226,Facebook,63047.22,392052,13493,35341,805,421,471064.03,25-34,Hyderabad,21,Brand Awareness,3.44,3.12,4.67,647.16
CAMP_1227,Instagram,64298.25,314752,10064,21351,324,183,563685.31,35-44,Chennai,28,Website Traffic,3.2,1.82,6.39,776.67
CAMP_1228,Google Ads,17543.34,47570,2973,6611,163,87,340298.69,18-24,Hyderabad,14,Sales,6.25,2.93,5.9,1839.76
CAMP_1229,LinkedIn,76842.19,175996,2951,5466,210,116,259896.28,55+,Bangalore,14,Lead Generation,1.68,3.93,26.04,238.22
CAMP_1230,Instagram,31213.19,203112,6568,14973,254,122,309815.24,18-24,Bangalore,16,Brand Awareness,3.23,1.86,4.75,892.58
CAMP_1231,YouTube,90971.38,377903,5656,10367,126,88,300557.05,55+,Chennai,4,Website Traffic,1.5,1.56,16.08,230.39
CAMP_1232,Google Ads,82695.81,238640,11148,21879,1055,769,880032.04,45-54,Hyderabad,4,Sales,4.67,6.9,7.42,964.18
CAMP_1233,Google Ads,37895.27,122191,6470,8829,663,505,1155586.18,45-54,Hyderabad,27,Website Traffic,5.29,7.81,5.86,2949.42
CAMP_1234,Google Ads,81735.23,228574,12798,15517,924,481,944952.77,55+,Chennai,6,Brand Awareness,5.6,3.76,6.39,1056.11
CAMP_1235,Facebook,38857.1,288593,11980,15433,537,393,377743.46,35-44,Hyderabad,22,Brand Awareness,4.15,3.28,3.24,872.13
CAMP_1236,Instagram,14590.03,75442,2248,3390,66,44,70642.07,18-24,Delhi,25,Lead Generation,2.98,1.96,6.49,384.18
CAMP_1237,YouTube,96379.38,420602,6644,12827,273,226,525490.87,18-24,Chennai,28,Website Traffic,1.58,3.4,14.51,445.23
CAMP_1238,Instagram,66997.19,348250,14559,17960,516,290,467115.57,45-54,Coimbatore,18,Lead Generation,4.18,1.99,4.6,597.22
CAMP_1239,LinkedIn,48329.46,115430,2481,3596,195,165,506324.6,55+,Bangalore,12,Sales,2.15,6.65,19.48,947.65
CAMP_1240,Google Ads,42788.47,156844,6831,16738,739,532,1338059.47,18-24,Coimbatore,15,Lead Generation,4.36,7.79,6.26,3027.15
CAMP_1241,YouTube,35847.01,153774,3500,8468,120,89,92749.81,18-24,Delhi,4,Sales,2.28,2.54,10.24,158.74
CAMP_1242,YouTube,98237.52,477491,11535,28417,452,164,309983.77,35-44,Delhi,5,Brand Awareness,2.42,1.42,8.52,215.55
CAMP_1243,YouTube,17800.99,72460,1567,4191,66,40,38804.65,25-34,Mumbai,21,Brand Awareness,2.16,2.55,11.36,117.99
CAMP_1244,YouTube,34906.48,170842,3798,5281,183,112,245200.1,45-54,Mumbai,8,Website Traffic,2.22,2.95,9.19,602.45
CAMP_1245,YouTube,51122.28,265062,4933,7207,172,64,117298.95,45-54,Mumbai,21,Sales,1.86,1.3,10.36,129.45
CAMP_1246,Facebook,50409.96,351669,10740,18620,656,332,1121320.84,25-34,Chennai,29,Brand Awareness,3.05,3.09,4.69,2124.4
CAMP_1247,Google Ads,49779.82,157215,7882,20999,440,364,730426.04,18-24,Hyderabad,23,Website Traffic,5.01,4.62,6.32,1367.31
CAMP_1248,Google Ads,21699.46,62208,1792,4374,81,46,103526.27,35-44,Delhi,22,Website Traffic,2.88,2.57,12.11,377.09
CAMP_1249,LinkedIn,18768.59,41711,777,1335,68,30,105336.06,35-44,Coimbatore,21,Lead Generation,1.86,3.86,24.16,461.24
CAMP_1250,Facebook,29202.92,177979,3480,4664,162,98,257867.76,45-54,Coimbatore,10,Website Traffic,1.96,2.82,8.39,783.02
CAMP_1251,YouTube,91879.98,402712,10000,21862,455,167,484840.37,35-44,Coimbatore,16,Brand Awareness,2.48,1.67,9.19,427.69
CAMP_1252,Instagram,15740.03,88890,2265,3649,51,31,121794.29,25-34,Coimbatore,12,Lead Generation,2.55,1.37,6.95,673.79
CAMP_1253,Google Ads,76955.38,239205,7347,15060,583,377,620088.81,18-24,Mumbai,5,Sales,3.07,5.13,10.47,705.78
CAMP_1254,Google Ads,76967.1,254142,9526,25786,822,435,1940564.54,25-34,Coimbatore,8,Sales,3.75,4.57,8.08,2421.29
CAMP_1255,Facebook,81928.19,541314,15044,31836,526,385,1594045.66,55+,Hyderabad,17,Brand Awareness,2.78,2.56,5.45,1845.66
CAMP_1256,Instagram,89228.47,493223,16313,43688,480,201,388249.63,45-54,Mumbai,25,Brand Awareness,3.31,1.23,5.47,335.12
CAMP_1257,Google Ads,29988.44,96955,3977,7273,229,181,744738.67,35-44,Coimbatore,25,Lead Generation,4.1,4.55,7.54,2383.42
CAMP_1258,Instagram,26333.15,161760,4177,9245,220,182,657792.07,55+,Chennai,20,Lead Generation,2.58,4.36,6.3,2397.96
CAMP_1259,Google Ads,49223.04,147280,8089,21276,420,147,624856.32,35-44,Bangalore,16,Brand Awareness,5.49,1.82,6.09,1169.44
CAMP_1260,Facebook,30183.47,188887,6214,13303,213,164,555646.22,18-24,Bangalore,21,Brand Awareness,3.29,2.64,4.86,1740.9
CAMP_1261,Google Ads,74759.45,214403,9224,20144,864,521,1733949.78,18-24,Bangalore,30,Sales,4.3,5.65,8.1,2219.37
CAMP_1262,YouTube,65414.26,308752,6926,16249,176,102,93072.13,18-24,Mumbai,28,Sales,2.24,1.47,9.44,42.28
CAMP_1263,Instagram,88123.83,497352,10934,28553,595,279,727799.82,35-44,Coimbatore,12,Sales,2.2,2.55,8.06,725.88
CAMP_1264,Instagram,12860.14,74079,2505,3359,132,76,123193.49,55+,Delhi,17,Brand Awareness,3.38,3.03,5.13,857.95
CAMP_1265,Google Ads,91932.92,264563,16531,28747,1340,1106,2285762.74,18-24,Delhi,6,Website Traffic,6.25,6.69,5.56,2386.34
CAMP_1266,Google Ads,32868.12,109004,6561,12048,581,265,1172290.11,55+,Delhi,25,Brand Awareness,6.02,4.04,5.01,3466.65
CAMP_1267,Instagram,51615.96,289096,10907,28964,406,178,214989.65,35-44,Mumbai,4,Brand Awareness,3.77,1.63,4.73,316.52
CAMP_1268,Instagram,46668.09,280620,10479,28604,443,209,731698.82,55+,Hyderabad,5,Sales,3.73,1.99,4.45,1467.88
CAMP_1269,Facebook,77229.61,465782,17378,24201,633,396,602950.17,35-44,Chennai,9,Brand Awareness,3.73,2.28,4.44,680.72
CAMP_1270,Instagram,44931.66,263248,8589,11944,234,191,176989.16,35-44,Chennai,25,Lead Generation,3.26,2.22,5.23,293.91
CAMP_1271,Facebook,94637.55,612543,22862,61631,1390,885,2394020.01,45-54,Bangalore,18,Brand Awareness,3.73,3.87,4.14,2429.67
CAMP_1272,YouTube,90740.72,462766,8067,13498,147,69,102145.88,35-44,Bangalore,12,Brand Awareness,1.74,0.86,11.25,12.57
CAMP_1273,YouTube,87855.31,395627,8001,12697,270,154,673854.49,35-44,Delhi,21,Brand Awareness,2.02,1.92,10.98,667.0
CAMP_1274,Google Ads,11769.54,35147,1893,2379,81,44,71865.56,25-34,Delhi,30,Brand Awareness,5.39,2.32,6.22,510.61
CAMP_1275,Instagram,86154.52,459729,11950,19609,570,213,338952.65,18-24,Bangalore,19,Website Traffic,2.6,1.78,7.21,293.42
CAMP_1276,Google Ads,79255.37,225713,7139,16489,370,224,227539.41,45-54,Coimbatore,30,Brand Awareness,3.16,3.14,11.1,187.1
CAMP_1277,Google Ads,14833.73,44490,2830,5325,185,76,158638.65,45-54,Hyderabad,21,Lead Generation,6.36,2.69,5.24,969.45
CAMP_1278,LinkedIn,15204.36,27461,412,835,25,19,18749.24,45-54,Hyderabad,7,Lead Generation,1.5,4.61,36.9,23.31
CAMP_1279,Google Ads,14610.56,50658,2585,6896,110,69,186023.44,25-34,Hyderabad,25,Brand Awareness,5.1,2.67,5.65,1173.21
CAMP_1280,Instagram,6076.6,38982,1603,2218,64,49,133289.72,35-44,Hyderabad,22,Sales,4.11,3.06,3.79,2093.49
CAMP_1281,Facebook,57120.26,352787,10895,14316,610,505,551296.3,18-24,Bangalore,15,Website Traffic,3.09,4.64,5.24,865.15
CAMP_1282,Facebook,97472.46,630554,23186,59428,1176,966,1704240.57,55+,Chennai,15,Brand Awareness,3.68,4.17,4.2,1648.43
CAMP_1283,Facebook,46675.05,295547,8455,20628,253,101,393453.92,35-44,Bangalore,13,Brand Awareness,2.86,1.19,5.52,742.96
CAMP_1284,Google Ads,56371.96,157657,9538,15470,839,690,1769961.22,25-34,Hyderabad,13,Brand Awareness,6.05,7.23,5.91,3039.79
CAMP_1285,Instagram,96957.13,582874,17844,30670,590,441,1086886.9,35-44,Bangalore,18,Sales,3.06,2.47,5.43,1021.0
CAMP_1286,Instagram,29242.31,177734,4819,8175,216,160,546495.52,35-44,Hyderabad,17,Sales,2.71,3.32,6.07,1768.85
CAMP_1287,Google Ads,86554.67,247958,14992,33530,952,376,1306064.2,25-34,Mumbai,19,Sales,6.05,2.51,5.77,1408.95
CAMP_1288,Instagram,56907.09,324494,9569,12420,490,215,783259.05,45-54,Delhi,24,Website Traffic,2.95,2.25,5.95,1276.38
CAMP_1289,Google Ads,59100.27,180806,11098,22008,1160,972,3780823.75,45-54,Chennai,20,Lead Generation,6.14,8.76,5.33,6297.3
CAMP_1290,Google Ads,37601.52,128690,6351,8982,541,247,428817.27,18-24,Mumbai,30,Website Traffic,4.94,3.89,5.92,1040.43
CAMP_1291,Instagram,58350.51,322020,9979,25063,316,137,156038.92,18-24,Coimbatore,21,Sales,3.1,1.37,5.85,167.42
CAMP_1292,Google Ads,11948.54,37173,2009,3634,198,105,238240.12,45-54,Bangalore,6,Lead Generation,5.4,5.23,5.95,1893.88
CAMP_1293,Facebook,77641.14,555945,18584,37988,533,430,1710691.57,55+,Coimbatore,24,Lead Generation,3.34,2.31,4.18,2103.33
CAMP_1294,Facebook,32045.34,179688,4647,5794,205,121,142889.29,35-44,Bangalore,24,Sales,2.59,2.6,6.9,345.9
CAMP_1295,YouTube,89322.79,414070,10553,13647,607,492,1462929.37,55+,Delhi,25,Sales,2.55,4.66,8.46,1537.8
CAMP_1296,Google Ads,39945.82,125716,5788,13197,443,229,784072.78,35-44,Mumbai,7,Website Traffic,4.6,3.96,6.9,1862.84
CAMP_1297,Google Ads,18568.29,55224,3185,7729,226,105,276471.93,45-54,Delhi,9,Sales,5.77,3.3,5.83,1388.95
CAMP_1298,Google Ads,71108.75,258477,12457,29100,505,302,549226.74,18-24,Hyderabad,4,Lead Generation,4.82,2.42,5.71,672.38
CAMP_1299,Facebook,20634.92,132441,4453,10595,209,137,284235.84,18-24,Delhi,3,Brand Awareness,3.36,3.08,4.63,1277.45
CAMP_1300,Facebook,76599.65,504477,12044,16469,574,313,362437.58,55+,Delhi,14,Sales,2.39,2.6,6.36,373.16
CAMP_1301,Google Ads,96970.66,322781,15463,35712,953,498,972743.78,18-24,Hyderabad,12,Sales,4.79,3.22,6.27,903.13
CAMP_1302,LinkedIn,79057.52,171174,2384,3554,186,85,90079.67,45-54,Bangalore,10,Website Traffic,1.39,3.57,33.16,13.94
CAMP_1303,Google Ads,7132.68,24504,1373,1863,73,36,126531.72,55+,Hyderabad,3,Website Traffic,5.6,2.62,5.19,1673.97
CAMP_1304,Facebook,61989.15,419683,13001,31351,323,222,917477.83,35-44,Mumbai,14,Sales,3.1,1.71,4.77,1380.06
CAMP_1305,Facebook,71064.01,439812,13386,35112,391,209,664755.28,18-24,Delhi,4,Lead Generation,3.04,1.56,5.31,835.43
CAMP_1306,YouTube,83418.54,407637,8338,19567,167,65,212168.55,25-34,Hyderabad,29,Lead Generation,2.05,0.78,10.0,154.34
CAMP_1307,Facebook,10320.22,70900,1749,4353,72,30,77991.37,18-24,Delhi,30,Brand Awareness,2.47,1.72,5.9,655.71
CAMP_1308,YouTube,50610.24,244679,4881,13597,152,82,119861.96,35-44,Mumbai,12,Sales,1.99,1.68,10.37,136.83
CAMP_1309,Instagram,55860.23,289599,8866,12551,521,423,392463.85,55+,Coimbatore,24,Website Traffic,3.06,4.77,6.3,602.58
CAMP_1310,YouTube,21066.86,95051,2087,5727,37,20,42766.27,35-44,Mumbai,19,Lead Generation,2.2,0.96,10.09,103.0
CAMP_1311,Google Ads,35632.73,115587,6568,14199,575,219,789573.58,25-34,Chennai,28,Brand Awareness,5.68,3.33,5.43,2115.87
CAMP_1312,YouTube,46821.06,217116,5987,14975,226,126,549051.76,45-54,Chennai,5,Sales,2.76,2.1,7.82,1072.66
CAMP_1313,Facebook,84154.92,494613,13948,31247,363,248,608072.62,18-24,Chennai,9,Lead Generation,2.82,1.78,6.03,622.56
CAMP_1314,YouTube,93293.72,414341,9266,19570,318,206,456373.97,55+,Delhi,14,Sales,2.24,2.22,10.07,389.18
CAMP_1315,Instagram,64700.17,369564,11978,27858,624,305,764162.44,45-54,Bangalore,10,Sales,3.24,2.55,5.4,1081.08
CAMP_1316,Facebook,42519.79,233663,6158,10545,242,168,409918.26,35-44,Bangalore,22,Lead Generation,2.64,2.73,6.9,864.06
CAMP_1317,Instagram,29132.95,162100,5518,14782,323,215,677930.99,55+,Bangalore,14,Lead Generation,3.4,3.9,5.28,2227.02
CAMP_1318,Facebook,98302.84,648634,16787,23241,708,309,1094765.56,45-54,Delhi,5,Lead Generation,2.59,1.84,5.86,1013.67
CAMP_1319,Google Ads,98386.9,314418,17112,29242,1718,741,2760854.02,55+,Mumbai,19,Sales,5.44,4.33,5.75,2706.12
CAMP_1320,Google Ads,92872.81,270318,17970,22460,798,498,1612811.5,25-34,Bangalore,30,Sales,6.65,2.77,5.17,1636.58
CAMP_1321,Google Ads,79638.57,235302,11811,19301,980,666,1648886.96,25-34,Coimbatore,11,Brand Awareness,5.02,5.64,6.74,1970.46
CAMP_1322,Google Ads,35949.06,125705,7396,11457,437,363,1568295.59,18-24,Chennai,12,Website Traffic,5.88,4.91,4.86,4262.55
CAMP_1323,YouTube,82615.05,347354,4036,5164,108,61,211039.93,18-24,Mumbai,24,Sales,1.16,1.51,20.47,155.45
CAMP_1324,Google Ads,43835.34,149979,7974,15843,528,387,942719.98,25-34,Chennai,8,Website Traffic,5.32,4.85,5.5,2050.59
CAMP_1325,LinkedIn,36043.44,76115,1249,2435,92,38,95292.39,55+,Bangalore,27,Lead Generation,1.64,3.04,28.86,164.38
CAMP_1326,Instagram,75762.21,458956,15005,19873,609,484,1860849.83,25-34,Mumbai,3,Sales,3.27,3.23,5.05,2356.17
CAMP_1327,Google Ads,12567.12,40972,2158,3494,110,73,181474.15,18-24,Hyderabad,24,Brand Awareness,5.27,3.38,5.82,1344.04
CAMP_1328,YouTube,9613.46,42481,915,2494,26,17,46895.95,25-34,Coimbatore,14,Brand Awareness,2.15,1.86,10.51,387.82
CAMP_1329,Facebook,47555.6,255218,6659,9171,281,118,230051.41,25-34,Bangalore,7,Website Traffic,2.61,1.77,7.14,383.75
CAMP_1330,Instagram,47335.69,271361,9287,15677,299,111,435130.37,55+,Bangalore,15,Lead Generation,3.42,1.2,5.1,819.24
CAMP_1331,Facebook,90086.19,571217,11058,13904,566,397,1103750.41,45-54,Coimbatore,29,Website Traffic,1.94,3.59,8.15,1125.22
CAMP_1332,Facebook,16984.54,109668,3132,4505,162,66,190682.54,18-24,Coimbatore,17,Lead Generation,2.86,2.11,5.42,1022.68
CAMP_1333,Google Ads,16711.97,54479,2491,5777,224,93,378550.12,55+,Hyderabad,24,Brand Awareness,4.57,3.73,6.71,2165.14
CAMP_1334,LinkedIn,19008.0,37799,823,1470,46,20,84277.24,25-34,Bangalore,13,Website Traffic,2.18,2.43,23.1,343.38
CAMP_1335,LinkedIn,7824.94,17936,267,514,15,6,23202.59,25-34,Delhi,10,Brand Awareness,1.49,2.25,29.31,196.52
CAMP_1336,Facebook,11814.52,78227,2583,3748,135,89,101044.68,45-54,Bangalore,7,Brand Awareness,3.3,3.45,4.57,755.26
CAMP_1337,Google Ads,67687.64,223889,12288,28157,1061,595,1485496.5,18-24,Chennai,4,Lead Generation,5.49,4.84,5.51,2094.63
CAMP_1338,Facebook,46000.51,258683,4859,11673,214,103,220007.11,18-24,Mumbai,14,Website Traffic,1.88,2.12,9.47,378.27
CAMP_1339,Google Ads,77542.29,264696,12262,18268,703,401,669129.94,35-44,Mumbai,30,Website Traffic,4.63,3.27,6.32,762.92
CAMP_1340,Google Ads,99296.78,320945,20346,25880,1252,967,4034550.23,18-24,Chennai,4,Brand Awareness,6.34,4.75,4.88,3963.12
CAMP_1341,Google Ads,67608.29,220666,13865,18434,1205,980,4022163.28,45-54,Mumbai,28,Brand Awareness,6.28,7.07,4.88,5849.22
CAMP_1342,Instagram,9793.28,50509,1238,2787,75,45,115878.26,35-44,Coimbatore,18,Lead Generation,2.45,3.63,7.91,1083.24
CAMP_1343,YouTube,14933.47,71991,1937,2744,72,46,63683.28,35-44,Mumbai,23,Sales,2.69,2.37,7.71,326.45
CAMP_1344,Facebook,88695.39,477895,13322,26514,639,306,290123.57,25-34,Mumbai,5,Sales,2.79,2.3,6.66,227.1
CAMP_1345,Facebook,55112.11,321078,10422,15052,586,356,882339.41,25-34,Chennai,12,Brand Awareness,3.25,3.42,5.29,1500.99
CAMP_1346,Instagram,83359.53,510034,12761,18787,465,337,351773.59,18-24,Hyderabad,21,Sales,2.5,2.64,6.53,322.0
CAMP_1347,Instagram,86378.17,507082,14895,17978,1200,715,2212496.99,35-44,Mumbai,10,Sales,2.94,4.8,5.8,2461.41
CAMP_1348,Instagram,93129.08,529450,18211,31201,1065,534,1650205.21,25-34,Delhi,9,Sales,3.44,2.93,5.11,1671.95
CAMP_1349,LinkedIn,95233.77,227608,3866,5195,197,126,521158.93,45-54,Mumbai,3,Sales,1.7,3.26,24.63,447.24
CAMP_1350,Google Ads,57708.45,194956,5085,9307,461,380,601987.21,25-34,Hyderabad,14,Brand Awareness,2.61,7.47,11.35,943.15
CAMP_1351,YouTube,37396.92,180293,3656,7884,179,142,317656.74,25-34,Chennai,30,Sales,2.03,3.88,10.23,749.42
CAMP_1352,Facebook,96377.16,591880,10712,19154,311,228,910714.86,35-44,Hyderabad,7,Sales,1.81,2.13,9.0,844.95
CAMP_1353,Instagram,57003.61,294441,7606,17708,446,218,568427.9,35-44,Chennai,18,Lead Generation,2.58,2.87,7.49,897.18
CAMP_1354,Facebook,11104.01,65717,1375,3281,34,16,17840.06,55+,Coimbatore,27,Brand Awareness,2.09,1.16,8.08,60.66
CAMP_1355,Instagram,66063.77,408438,15734,36417,680,523,679283.95,45-54,Chennai,6,Website Traffic,3.85,3.32,4.2,928.22
CAMP_1356,YouTube,60830.05,248286,6571,17733,213,94,359873.03,35-44,Coimbatore,19,Website Traffic,2.65,1.43,9.26,491.6
CAMP_1357,LinkedIn,90100.32,208085,3976,6281,290,189,676111.73,18-24,Coimbatore,26,Lead Generation,1.91,4.75,22.66,650.4
CAMP_1358,Instagram,67052.78,387188,11877,17853,554,315,1276749.64,45-54,Chennai,23,Lead Generation,3.07,2.65,5.65,1804.1
CAMP_1359,Google Ads,38159.98,133255,7366,16025,390,228,302761.24,45-54,Delhi,4,Brand Awareness,5.53,3.1,5.18,693.4
CAMP_1360,Facebook,96791.44,628639,21188,45592,1016,587,2135212.66,35-44,Bangalore,14,Website Traffic,3.37,2.77,4.57,2105.99
CAMP_1361,LinkedIn,81153.85,174236,2017,4067,134,107,348646.2,45-54,Chennai,3,Sales,1.16,5.3,40.23,329.61
CAMP_1362,Google Ads,64889.67,196170,8701,10502,622,245,425382.64,35-44,Mumbai,14,Lead Generation,4.44,2.82,7.46,555.55
CAMP_1363,Facebook,32827.89,205079,6780,14159,298,221,973738.33,25-34,Delhi,14,Website Traffic,3.31,3.26,4.84,2866.19
CAMP_1364,Facebook,40486.33,275968,9413,25344,397,305,900749.59,55+,Delhi,14,Brand Awareness,3.41,3.24,4.3,2124.82
CAMP_1365,Facebook,68647.14,456727,14146,24548,764,628,2615469.73,25-34,Mumbai,21,Sales,3.1,4.44,4.85,3710.02
CAMP_1366,Google Ads,11838.18,33781,1508,4144,100,58,231578.65,35-44,Bangalore,27,Brand Awareness,4.46,3.85,7.85,1856.2
CAMP_1367,Facebook,29384.66,187748,6193,10967,289,173,363170.54,35-44,Delhi,19,Lead Generation,3.3,2.79,4.74,1135.92
CAMP_1368,LinkedIn,72820.59,172507,3866,5504,279,232,656431.17,25-34,Coimbatore,22,Website Traffic,2.24,6.0,18.84,801.44
CAMP_1369,Google Ads,50601.76,155130,9635,17704,962,557,1366279.71,18-24,Bangalore,26,Website Traffic,6.21,5.78,5.25,2600.06
CAMP_1370,Google Ads,43227.39,111743,3387,6745,134,81,279667.02,18-24,Mumbai,26,Website Traffic,3.03,2.39,12.76,546.97
CAMP_1371,LinkedIn,19388.47,42408,780,1722,59,30,90508.54,18-24,Bangalore,28,Website Traffic,1.84,3.85,24.86,366.82
CAMP_1372,Google Ads,46975.66,129357,7864,15789,414,151,562546.38,35-44,Chennai,30,Sales,6.08,1.92,5.97,1097.53
CAMP_1373,YouTube,78215.74,308783,5883,12112,148,84,79153.88,45-54,Bangalore,13,Sales,1.91,1.43,13.3,1.2
CAMP_1374,Instagram,30081.22,181359,5998,7429,308,209,705595.65,35-44,Coimbatore,15,Brand Awareness,3.31,3.48,5.02,2245.64
CAMP_1375,Google Ads,5512.86,20702,1033,1659,112,78,159793.5,45-54,Chennai,29,Sales,4.99,7.55,5.34,2798.56
CAMP_1376,YouTube,68507.97,345387,6128,10400,336,119,203156.76,25-34,Hyderabad,10,Lead Generation,1.77,1.94,11.18,196.54
CAMP_1377,Instagram,97399.53,428099,17424,48427,596,447,1691657.61,55+,Mumbai,12,Lead Generation,4.07,2.57,5.59,1636.82
CAMP_1378,Instagram,62648.52,343230,11409,19086,388,231,282096.36,45-54,Mumbai,10,Website Traffic,3.32,2.02,5.49,350.28
CAMP_1379,Instagram,16392.58,86774,2224,5859,71,43,74065.61,18-24,Bangalore,22,Lead Generation,2.56,1.93,7.37,351.82
CAMP_1380,Facebook,35469.64,195599,4120,6953,228,189,308720.85,35-44,Delhi,10,Brand Awareness,2.11,4.59,8.61,770.38
CAMP_1381,Google Ads,87425.95,283366,13170,17829,1144,563,1357602.21,25-34,Chennai,11,Sales,4.65,4.27,6.64,1452.86
CAMP_1382,Instagram,27093.97,148297,4015,6409,321,235,484196.92,18-24,Hyderabad,9,Sales,2.71,5.85,6.75,1687.1
CAMP_1383,LinkedIn,62731.11,126420,2336,3823,139,89,310938.05,25-34,Chennai,16,Sales,1.85,3.81,26.85,395.67
CAMP_1384,Google Ads,43253.76,112932,6754,18676,400,280,956964.84,55+,Mumbai,30,Lead Generation,5.98,4.15,6.4,2112.44
CAMP_1385,Facebook,24745.15,147123,4479,10207,199,111,229958.17,35-44,Chennai,4,Sales,3.04,2.48,5.52,829.31
CAMP_1386,Instagram,82273.65,457365,12660,34064,486,238,588605.13,35-44,Hyderabad,27,Website Traffic,2.77,1.88,6.5,615.42
CAMP_1387,YouTube,75568.97,340241,8329,21122,239,149,245621.95,55+,Delhi,13,Website Traffic,2.45,1.79,9.07,225.03
CAMP_1388,Google Ads,67851.15,230063,15450,32843,899,483,1601147.72,35-44,Bangalore,10,Website Traffic,6.72,3.13,4.39,2259.79
CAMP_1389,LinkedIn,27451.98,62654,1075,2452,58,27,62812.85,45-54,Coimbatore,15,Lead Generation,1.72,2.51,25.54,128.81
CAMP_1390,Instagram,14296.42,77235,2012,4426,93,72,99228.53,25-34,Chennai,23,Sales,2.61,3.58,7.11,594.08
CAMP_1391,Google Ads,59735.14,174468,9769,22137,841,494,670928.95,18-24,Coimbatore,17,Lead Generation,5.6,5.06,6.11,1023.17
CAMP_1392,Google Ads,57599.39,154497,11801,19161,678,525,1081686.08,55+,Mumbai,30,Sales,7.64,4.45,4.88,1777.95
CAMP_1393,Google Ads,22896.58,65305,2908,5389,162,95,341085.16,45-54,Bangalore,5,Brand Awareness,4.45,3.27,7.87,1389.68
CAMP_1394,Instagram,10343.44,63708,1846,3966,78,49,48598.96,18-24,Bangalore,25,Brand Awareness,2.9,2.65,5.6,369.85
CAMP_1395,Instagram,12667.3,75242,2433,3059,70,59,107851.34,18-24,Chennai,16,Lead Generation,3.23,2.42,5.21,751.42
CAMP_1396,YouTube,99313.24,461852,10645,20998,372,307,455879.7,55+,Delhi,17,Website Traffic,2.3,2.88,9.33,359.03
CAMP_1397,Instagram,79440.47,423892,8717,22451,383,186,807857.55,45-54,Bangalore,4,Lead Generation,2.06,2.13,9.11,916.93
CAMP_1398,Google Ads,92588.81,318066,21606,42948,1985,1557,5354544.45,18-24,Chennai,21,Website Traffic,6.79,7.21,4.29,5683.14
CAMP_1399,Facebook,23530.2,135168,4665,9721,262,143,248768.19,18-24,Chennai,14,Sales,3.45,3.07,5.04,957.23
CAMP_1400,Facebook,96254.01,553476,14312,21798,643,248,408420.81,45-54,Coimbatore,27,Website Traffic,2.59,1.73,6.73,324.32
CAMP_1401,Google Ads,18552.16,57542,4707,11631,396,253,1009194.22,35-44,Bangalore,22,Website Traffic,8.18,5.37,3.94,5339.77
CAMP_1402,Google Ads,53362.77,137634,9243,16399,935,784,1242495.83,18-24,Chennai,6,Sales,6.72,8.48,5.77,2228.39
CAMP_1403,Google Ads,83821.09,240158,16001,43691,1117,935,4197601.27,25-34,Coimbatore,5,Brand Awareness,6.66,5.84,5.24,4907.81
CAMP_1404,Facebook,38231.32,234430,7967,22227,373,154,295108.85,45-54,Hyderabad,7,Sales,3.4,1.93,4.8,671.9
CAMP_1405,Facebook,45358.71,273031,9239,24627,572,421,506714.66,18-24,Coimbatore,5,Lead Generation,3.38,4.56,4.91,1017.13
CAMP_1406,Instagram,17177.59,87886,2801,3742,109,82,277766.05,55+,Coimbatore,27,Lead Generation,3.19,2.93,6.13,1517.03
CAMP_1407,YouTube,16677.58,88151,1811,3139,59,32,99030.85,25-34,Chennai,17,Lead Generation,2.05,1.77,9.21,493.8
CAMP_1408,YouTube,63858.98,321925,5612,15221,220,149,670404.61,18-24,Mumbai,21,Lead Generation,1.74,2.66,11.38,949.82
CAMP_1409,Facebook,69175.58,491652,12336,30683,473,281,1064289.94,25-34,Mumbai,4,Lead Generation,2.51,2.28,5.61,1438.53
CAMP_1410,YouTube,78846.59,355554,7049,18735,294,136,332358.37,25-34,Delhi,14,Brand Awareness,1.98,1.93,11.19,321.53
CAMP_1411,Google Ads,57884.8,173820,9673,20469,1177,860,2868789.04,35-44,Mumbai,7,Brand Awareness,5.56,8.89,5.98,4856.03
CAMP_1412,Google Ads,66347.13,233901,16566,32612,1573,757,2910103.33,25-34,Coimbatore,24,Website Traffic,7.08,4.57,4.01,4286.18
CAMP_1413,Google Ads,6284.14,19772,676,926,66,34,93480.13,35-44,Delhi,19,Lead Generation,3.42,5.03,9.3,1387.56
CAMP_1414,Google Ads,20406.22,58359,3987,10140,295,131,246586.18,45-54,Chennai,16,Sales,6.83,3.29,5.12,1108.39
CAMP_1415,Facebook,98566.9,567202,12989,31073,754,535,886163.47,35-44,Bangalore,30,Lead Generation,2.29,4.12,7.59,799.05
CAMP_1416,LinkedIn,12219.38,26449,467,604,32,19,37297.25,55+,Coimbatore,29,Brand Awareness,1.77,4.07,26.17,205.23
CAMP_1417,Google Ads,69484.88,216758,10367,15914,1039,594,2348110.28,18-24,Coimbatore,24,Lead Generation,4.78,5.73,6.7,3279.31
CAMP_1418,Google Ads,21727.85,68342,5013,10485,550,359,814770.8,45-54,Delhi,12,Brand Awareness,7.34,7.16,4.33,3649.89
CAMP_1419,Instagram,73088.27,400082,11650,26737,851,365,705176.7,45-54,Chennai,5,Website Traffic,2.91,3.13,6.27,864.83
CAMP_1420,LinkedIn,72069.09,190129,3744,5317,214,171,650004.18,55+,Hyderabad,6,Website Traffic,1.97,4.57,19.25,801.92
CAMP_1421,Instagram,27248.91,134996,4766,7586,203,118,119759.76,35-44,Coimbatore,8,Website Traffic,3.53,2.48,5.72,339.5
CAMP_1422,Instagram,30615.27,179238,4538,6848,111,59,179256.74,18-24,Hyderabad,26,Brand Awareness,2.53,1.3,6.75,485.51
CAMP_1423,Google Ads,67203.22,201988,10916,16942,832,344,1391505.63,35-44,Hyderabad,27,Lead Generation,5.4,3.15,6.16,1970.59
CAMP_1424,Google Ads,42058.17,131024,8768,23438,515,223,529915.23,25-34,Mumbai,24,Lead Generation,6.69,2.54,4.8,1159.96
CAMP_1425,LinkedIn,23482.06,56109,851,1996,70,57,106564.09,35-44,Chennai,18,Sales,1.52,6.7,27.59,353.81
CAMP_1426,LinkedIn,74509.56,141962,2937,6988,214,124,331098.93,45-54,Hyderabad,9,Brand Awareness,2.07,4.22,25.37,344.37
CAMP_1427,Google Ads,19644.01,56742,2935,7251,218,155,539852.26,18-24,Chennai,17,Sales,5.17,5.28,6.69,2648.18
CAMP_1428,LinkedIn,86286.15,189697,4130,7312,325,127,350492.06,35-44,Mumbai,23,Website Traffic,2.18,3.08,20.89,306.2
CAMP_1429,Facebook,53893.6,376615,13862,33650,419,281,260627.61,18-24,Chennai,30,Lead Generation,3.68,2.03,3.89,383.6
CAMP_1430,YouTube,15041.56,76416,1025,2835,49,40,47278.74,18-24,Coimbatore,27,Brand Awareness,1.34,3.9,14.67,214.32
CAMP_1431,Instagram,70936.87,434364,10552,24454,665,332,1160931.73,25-34,Hyderabad,22,Sales,2.43,3.15,6.72,1536.57
CAMP_1432,Instagram,54320.49,248827,7334,13691,315,201,470304.79,25-34,Chennai,28,Sales,2.95,2.74,7.41,765.8
CAMP_1433,Instagram,33315.47,169542,6856,16085,233,191,711511.86,45-54,Bangalore,13,Sales,4.04,2.79,4.86,2035.68
CAMP_1434,Facebook,45141.24,259367,7958,21019,435,309,1000592.58,55+,Chennai,24,Lead Generation,3.07,3.88,5.67,2116.58
CAMP_1435,Google Ads,33342.09,103734,4427,6224,503,192,574743.74,18-24,Hyderabad,23,Lead Generation,4.27,4.34,7.53,1623.78
CAMP_1436,Google Ads,29987.45,79819,4927,8004,298,161,667337.05,55+,Mumbai,3,Lead Generation,6.17,3.27,6.09,2125.39
CAMP_1437,Instagram,20542.8,124151,3319,8865,146,57,55675.29,45-54,Mumbai,7,Brand Awareness,2.67,1.72,6.19,171.02
CAMP_1438,Facebook,39462.88,207291,6714,18222,263,205,298915.36,18-24,Hyderabad,15,Lead Generation,3.24,3.05,5.88,657.46
CAMP_1439,Google Ads,28843.78,97582,5888,11627,529,350,1101713.7,18-24,Coimbatore,23,Brand Awareness,6.03,5.94,4.9,3719.59
CAMP_1440,Facebook,69926.28,467487,10926,19659,416,345,392258.43,55+,Coimbatore,16,Sales,2.34,3.16,6.4,460.96
CAMP_1441,LinkedIn,69968.29,141872,2523,4169,199,72,231976.35,35-44,Mumbai,11,Sales,1.78,2.85,27.73,231.54
CAMP_1442,Google Ads,52674.82,181227,12165,24306,1302,731,3247713.03,25-34,Mumbai,19,Website Traffic,6.71,6.01,4.33,6065.59
CAMP_1443,Facebook,78904.73,480009,8863,23888,378,152,617683.79,35-44,Hyderabad,17,Lead Generation,1.85,1.71,8.9,682.82
CAMP_1444,Instagram,84927.27,449446,15162,21829,771,405,1226056.88,55+,Coimbatore,23,Sales,3.37,2.67,5.6,1343.66
CAMP_1445,YouTube,60077.81,263874,4437,8305,158,68,280045.49,25-34,Mumbai,9,Lead Generation,1.68,1.53,13.54,366.14
CAMP_1446,Google Ads,63798.84,194017,10640,28287,614,316,416666.65,35-44,Coimbatore,29,Brand Awareness,5.48,2.97,6.0,553.09
CAMP_1447,Facebook,31874.16,195330,5920,10411,261,198,502306.0,25-34,Mumbai,24,Sales,3.03,3.34,5.38,1475.9
CAMP_1448,YouTube,90012.57,401915,11499,27930,359,154,376258.04,18-24,Chennai,24,Lead Generation,2.86,1.34,7.83,318.01
CAMP_1449,LinkedIn,7299.57,15066,270,492,9,5,10556.06,35-44,Bangalore,14,Sales,1.79,1.85,27.04,44.61
CAMP_1450,Facebook,38117.23,225688,7986,19868,355,288,259408.81,25-34,Delhi,25,Sales,3.54,3.61,4.77,580.56
CAMP_1451,Instagram,73571.04,390038,10593,29338,804,683,2805562.15,25-34,Chennai,8,Lead Generation,2.72,6.45,6.95,3713.41
CAMP_1452,Facebook,12608.5,89348,2279,4149,106,50,184987.19,25-34,Delhi,23,Sales,2.55,2.19,5.53,1367.16
CAMP_1453,YouTube,22401.11,97171,2256,5758,70,57,185266.36,35-44,Mumbai,18,Sales,2.32,2.53,9.93,727.04
CAMP_1454,Facebook,60982.14,361765,10497,29197,404,194,264670.44,45-54,Bangalore,28,Sales,2.9,1.85,5.81,334.01
CAMP_1455,Google Ads,58199.4,203935,10553,29275,728,405,915923.08,35-44,Bangalore,7,Sales,5.17,3.84,5.51,1473.77
CAMP_1456,LinkedIn,75198.19,162802,2743,5195,159,125,528447.15,55+,Mumbai,11,Brand Awareness,1.68,4.56,27.41,602.74
CAMP_1457,Facebook,82198.2,477151,16567,32757,534,397,1239015.79,35-44,Mumbai,16,Sales,3.47,2.4,4.96,1407.35
CAMP_1458,Facebook,17215.06,98066,2603,4387,136,106,325661.46,25-34,Coimbatore,10,Website Traffic,2.65,4.07,6.61,1791.72
CAMP_1459,Google Ads,6746.19,18687,839,1428,86,65,272171.62,18-24,Mumbai,16,Sales,4.49,7.75,8.04,3934.45
CAMP_1460,Facebook,70515.66,459804,10893,21655,479,224,653049.92,35-44,Hyderabad,14,Lead Generation,2.37,2.06,6.47,826.11
CAMP_1461,Instagram,33632.22,159875,5733,8719,336,211,643854.62,35-44,Mumbai,12,Website Traffic,3.59,3.68,5.87,1814.4
CAMP_1462,Facebook,64468.47,446326,17573,41082,853,463,992938.92,25-34,Hyderabad,22,Brand Awareness,3.94,2.63,3.67,1440.19
CAMP_1463,Google Ads,19301.74,59877,2983,6139,198,115,257276.54,18-24,Mumbai,22,Website Traffic,4.98,3.86,6.47,1232.92
CAMP_1464,Facebook,49558.8,298912,11606,30604,374,160,538909.55,18-24,Coimbatore,28,Website Traffic,3.88,1.38,4.27,987.41
CAMP_1465,LinkedIn,52920.35,115452,2074,5179,125,63,129374.71,55+,Hyderabad,23,Website Traffic,1.8,3.04,25.52,144.47
CAMP_1466,Google Ads,60582.39,196333,10254,17595,708,551,1604946.47,35-44,Chennai,15,Lead Generation,5.22,5.37,5.91,2549.2
CAMP_1467,LinkedIn,53751.15,114957,1730,3476,75,60,114306.49,18-24,Hyderabad,21,Lead Generation,1.5,3.47,31.07,112.66
CAMP_1468,Instagram,52090.62,284953,8793,21110,452,296,443423.05,18-24,Coimbatore,17,Lead Generation,3.09,3.37,5.92,751.25
CAMP_1469,YouTube,36609.74,180427,3273,4939,122,73,185116.97,45-54,Delhi,10,Brand Awareness,1.81,2.23,11.19,405.65
CAMP_1470,YouTube,11762.12,54948,980,1226,57,40,67312.23,45-54,Hyderabad,25,Lead Generation,1.78,4.08,12.0,472.28
CAMP_1471,Facebook,13504.42,75963,1494,3830,49,32,132306.54,18-24,Mumbai,23,Lead Generation,1.97,2.14,9.04,879.73
CAMP_1472,Facebook,46208.94,272454,10054,14277,396,333,663671.22,55+,Mumbai,12,Website Traffic,3.69,3.31,4.6,1336.24
CAMP_1473,YouTube,38800.35,151231,3784,9926,170,76,231849.21,18-24,Delhi,5,Lead Generation,2.5,2.01,10.25,497.54
CAMP_1474,Instagram,54032.81,314957,10571,28138,862,495,914953.36,25-34,Coimbatore,23,Sales,3.36,4.68,5.11,1593.33
CAMP_1475,Instagram,33959.63,199562,6220,12049,231,187,341998.57,35-44,Bangalore,5,Lead Generation,3.12,3.01,5.46,907.07
CAMP_1476,Facebook,70351.46,406830,11380,28346,621,501,1083307.24,55+,Mumbai,28,Brand Awareness,2.8,4.4,6.18,1439.85
CAMP_1477,YouTube,87075.71,468779,8468,15082,243,145,608586.52,25-34,Chennai,7,Brand Awareness,1.81,1.71,10.28,598.92
CAMP_1478,YouTube,33392.0,181384,3032,7802,152,63,145491.69,55+,Coimbatore,18,Sales,1.67,2.08,11.01,335.71
CAMP_1479,YouTube,23333.48,106255,2520,6349,166,126,485926.47,25-34,Hyderabad,19,Brand Awareness,2.37,5.0,9.26,1982.53
CAMP_1480,Instagram,16037.15,83412,2543,3371,124,80,128821.85,35-44,Hyderabad,8,Brand Awareness,3.05,3.15,6.31,703.27
CAMP_1481,YouTube,63544.13,295164,6562,13991,225,166,178186.12,35-44,Chennai,28,Website Traffic,2.22,2.53,9.68,180.41
CAMP_1482,Google Ads,47166.32,137713,5308,11805,460,267,991648.82,45-54,Mumbai,22,Sales,3.85,5.03,8.89,2002.45
CAMP_1483,Facebook,22861.49,153744,4060,4878,186,84,239462.97,25-34,Coimbatore,22,Website Traffic,2.64,2.07,5.63,947.45
CAMP_1484,Google Ads,67047.99,212313,9253,25611,1303,472,1280730.9,45-54,Chennai,18,Website Traffic,4.36,5.1,7.25,1810.17
CAMP_1485,Instagram,19105.9,108167,3763,6963,202,127,238752.51,25-34,Mumbai,26,Lead Generation,3.48,3.37,5.08,1149.63
CAMP_1486,Instagram,57658.57,365406,13788,27959,484,208,241350.98,45-54,Coimbatore,4,Sales,3.77,1.51,4.18,318.59
CAMP_1487,Instagram,55079.1,290842,11752,17765,492,218,575148.56,35-44,Hyderabad,22,Lead Generation,4.04,1.86,4.69,944.22
CAMP_1488,Facebook,74751.64,445557,11063,24089,656,373,1500211.55,55+,Coimbatore,17,Lead Generation,2.48,3.37,6.76,1906.93
CAMP_1489,Instagram,10235.42,60768,1550,3870,76,43,57279.41,45-54,Delhi,20,Website Traffic,2.55,2.77,6.6,459.62
CAMP_1490,Instagram,89347.93,479620,14191,30332,793,386,1638575.85,25-34,Bangalore,3,Brand Awareness,2.96,2.72,6.3,1733.93
CAMP_1491,Google Ads,71784.21,253108,12169,29946,955,397,749942.8,25-34,Coimbatore,28,Sales,4.81,3.26,5.9,944.72
CAMP_1492,Instagram,25531.97,153197,5283,12520,212,174,489961.49,35-44,Bangalore,21,Brand Awareness,3.45,3.29,4.83,1819.01
CAMP_1493,Google Ads,22423.51,67992,2795,4417,198,82,93433.28,25-34,Coimbatore,14,Website Traffic,4.11,2.93,8.02,316.68
CAMP_1494,Google Ads,46007.72,122938,4626,8777,214,112,272178.79,18-24,Bangalore,10,Website Traffic,3.76,2.42,9.95,491.59
CAMP_1495,Facebook,82668.71,456652,11989,17238,466,234,316656.38,55+,Delhi,8,Website Traffic,2.63,1.95,6.9,283.04
CAMP_1496,Facebook,85080.25,511257,16187,20511,516,404,433373.07,45-54,Hyderabad,14,Website Traffic,3.17,2.5,5.26,409.37
CAMP_1497,Facebook,54443.33,351288,8017,10429,336,186,814607.03,55+,Mumbai,9,Website Traffic,2.28,2.32,6.79,1396.25
CAMP_1498,Instagram,86777.03,524607,19353,52408,1253,516,1820623.61,35-44,Bangalore,20,Website Traffic,3.69,2.67,4.48,1998.05
CAMP_1499,Instagram,5517.15,30118,1027,2850,57,20,69772.16,45-54,Delhi,24,Brand Awareness,3.41,1.95,5.37,1164.64
CAMP_1500,YouTube,8341.59,35220,946,1279,49,35,42909.26,45-54,Bangalore,16,Lead Generation,2.69,3.7,8.82,414.4
CAMP_1501,Instagram,91623.05,503286,13779,23925,995,704,2988945.97,18-24,Hyderabad,10,Brand Awareness,2.74,5.11,6.65,3162.22
CAMP_1502,Instagram,78656.53,437693,9956,13770,532,297,769255.74,35-44,Bangalore,26,Sales,2.27,2.98,7.9,877.99
CAMP_1503,Google Ads,47817.08,165028,10054,25485,863,357,1416655.48,25-34,Delhi,22,Brand Awareness,6.09,3.55,4.76,2862.66
CAMP_1504,Instagram,76592.96,468048,15732,31371,1150,616,582344.2,18-24,Delhi,24,Website Traffic,3.36,3.92,4.87,660.31
CAMP_1505,Instagram,95785.75,489491,16235,35620,581,375,740078.75,18-24,Chennai,16,Brand Awareness,3.32,2.31,5.9,672.64
CAMP_1506,Instagram,78348.5,451082,11712,24172,594,417,1870565.94,55+,Hyderabad,7,Lead Generation,2.6,3.56,6.69,2287.49
CAMP_1507,Facebook,85025.28,495109,15797,36908,478,186,453880.35,55+,Chennai,11,Sales,3.19,1.18,5.38,433.82
CAMP_1508,Facebook,77257.63,450968,11187,19137,325,204,836109.65,55+,Hyderabad,10,Brand Awareness,2.48,1.82,6.91,982.24
CAMP_1509,Facebook,20980.05,142021,4121,5852,261,127,264260.84,18-24,Bangalore,4,Lead Generation,2.9,3.08,5.09,1159.58
CAMP_1510,YouTube,84189.54,376578,7254,8909,275,181,505204.46,25-34,Delhi,30,Brand Awareness,1.93,2.5,11.61,500.08
CAMP_1511,YouTube,23535.34,112455,2512,4806,104,70,278263.2,45-54,Chennai,18,Sales,2.23,2.79,9.37,1082.32
CAMP_1512,Facebook,89798.08,585247,12862,34117,466,375,1155357.76,55+,Bangalore,15,Brand Awareness,2.2,2.92,6.98,1186.62
CAMP_1513,LinkedIn,48571.74,107251,2104,3552,187,104,365112.01,25-34,Delhi,9,Website Traffic,1.96,4.94,23.09,651.7
CAMP_1514,Google Ads,69312.79,222373,13678,20702,1345,832,1434201.21,35-44,Hyderabad,18,Brand Awareness,6.15,6.08,5.07,1969.17
CAMP_1515,Google Ads,52237.88,165906,9315,24980,487,236,344844.52,55+,Delhi,9,Lead Generation,5.61,2.53,5.61,560.14
CAMP_1516,Google Ads,13929.14,39522,2817,3856,248,122,210950.59,45-54,Bangalore,29,Brand Awareness,7.13,4.33,4.94,1414.46
CAMP_1517,Facebook,32618.62,211814,6152,7892,286,107,286222.34,35-44,Chennai,16,Lead Generation,2.9,1.74,5.3,777.48
CAMP_1518,YouTube,98454.53,422245,10334,26941,448,221,836147.57,35-44,Chennai,16,Sales,2.45,2.14,9.53,749.27
CAMP_1519,Google Ads,96267.9,275107,15383,35711,1354,517,1124153.35,45-54,Delhi,14,Brand Awareness,5.59,3.36,6.26,1067.73
CAMP_1520,LinkedIn,35446.26,84155,1741,3265,141,117,343200.41,55+,Bangalore,3,Sales,2.07,6.72,20.36,868.23
CAMP_1521,Google Ads,99648.2,296670,11813,28396,1099,728,2764452.5,18-24,Coimbatore,3,Sales,3.98,6.16,8.44,2674.21
CAMP_1522,LinkedIn,85327.36,206465,3738,8920,131,57,100296.93,45-54,Hyderabad,14,Brand Awareness,1.81,1.52,22.83,17.54
CAMP_1523,Instagram,63041.15,381003,9719,12286,537,219,893238.07,45-54,Hyderabad,22,Lead Generation,2.55,2.25,6.49,1316.91
CAMP_1524,Google Ads,8811.84,26487,1494,3409,99,53,229548.11,45-54,Bangalore,23,Sales,5.64,3.55,5.9,2505.0
CAMP_1525,Instagram,90637.45,546578,18700,41615,1319,665,691794.51,35-44,Coimbatore,17,Sales,3.42,3.56,4.85,663.25
CAMP_1526,Google Ads,57955.78,175471,11054,30311,965,472,525241.6,25-34,Chennai,6,Brand Awareness,6.3,4.27,5.24,806.28
CAMP_1527,Instagram,87505.23,483480,16836,46242,821,480,589178.39,18-24,Mumbai,9,Brand Awareness,3.48,2.85,5.2,573.31
CAMP_1528,Instagram,84270.77,486665,14629,26398,782,631,2332407.12,55+,Mumbai,18,Brand Awareness,3.01,4.31,5.76,2667.75
CAMP_1529,YouTube,84135.59,444829,8074,17309,185,117,185048.72,55+,Bangalore,5,Brand Awareness,1.82,1.45,10.42,119.94
CAMP_1530,Facebook,71326.52,479346,7762,11070,327,200,702501.11,25-34,Coimbatore,9,Brand Awareness,1.62,2.58,9.19,884.91
CAMP_1531,Instagram,32684.44,180741,5855,7649,316,238,592285.34,45-54,Coimbatore,26,Website Traffic,3.24,4.06,5.58,1712.13
CAMP_1532,Facebook,36935.22,232753,7852,14860,365,128,500546.31,18-24,Hyderabad,24,Brand Awareness,3.37,1.63,4.7,1255.2
CAMP_1533,Facebook,34304.58,187249,5345,12314,283,127,483971.53,55+,Chennai,8,Lead Generation,2.85,2.38,6.42,1310.81
CAMP_1534,Google Ads,6904.37,23311,1263,2663,63,38,165481.84,55+,Delhi,18,Sales,5.42,3.01,5.47,2296.77
CAMP_1535,Instagram,60344.05,359311,11794,22261,489,344,620485.27,45-54,Coimbatore,26,Lead Generation,3.28,2.92,5.12,928.25
CAMP_1536,Google Ads,71389.2,228151,11673,29287,924,547,943717.76,25-34,Delhi,10,Lead Generation,5.12,4.69,6.12,1221.93
CAMP_1537,Google Ads,86117.27,284569,16201,40034,906,391,396250.63,18-24,Mumbai,25,Website Traffic,5.69,2.41,5.32,360.13
CAMP_1538,Facebook,18315.72,95927,2490,5904,102,83,197332.33,25-34,Delhi,24,Brand Awareness,2.6,3.33,7.36,977.39
CAMP_1539,Google Ads,56697.4,161846,7461,9873,599,308,786209.24,25-34,Chennai,8,Sales,4.61,4.13,7.6,1286.68
CAMP_1540,Instagram,5760.77,36617,1156,2860,64,48,209867.99,18-24,Chennai,12,Lead Generation,3.16,4.15,4.98,3543.05
CAMP_1541,Facebook,14033.9,85903,2363,6312,81,64,249012.93,18-24,Delhi,18,Brand Awareness,2.75,2.71,5.94,1674.37
CAMP_1542,Google Ads,10150.12,33641,2475,3205,168,88,132039.62,55+,Bangalore,13,Brand Awareness,7.36,3.56,4.1,1200.87
CAMP_1543,Facebook,73920.41,434407,10399,19162,612,473,1785367.69,55+,Coimbatore,15,Website Traffic,2.39,4.55,7.11,2315.26
CAMP_1544,Google Ads,12700.66,38286,2045,5688,134,95,146478.35,18-24,Bangalore,8,Website Traffic,5.34,4.65,6.21,1053.31
CAMP_1545,LinkedIn,73063.03,186453,3201,6910,161,129,152214.1,35-44,Delhi,26,Website Traffic,1.72,4.03,22.83,108.33
CAMP_1546,Instagram,28714.35,157515,4634,9369,146,69,270031.36,55+,Coimbatore,3,Sales,2.94,1.49,6.2,840.41
CAMP_1547,YouTube,88382.73,418566,9602,14249,358,292,1288728.71,35-44,Hyderabad,23,Lead Generation,2.29,3.04,9.2,1358.12
CAMP_1548,Facebook,82249.25,519423,20403,42944,806,308,374905.84,18-24,Bangalore,21,Website Traffic,3.93,1.51,4.03,355.82
CAMP_1549,Google Ads,95993.87,305894,15853,30160,1517,1133,4339536.79,55+,Bangalore,14,Website Traffic,5.18,7.15,6.06,4420.64
CAMP_1550,Facebook,88957.39,565423,17302,24290,996,566,2260131.69,25-34,Delhi,26,Website Traffic,3.06,3.27,5.14,2440.69
CAMP_1551,LinkedIn,93666.29,175217,2068,4018,119,52,69031.05,18-24,Mumbai,29,Lead Generation,1.18,2.51,45.29,-26.3
CAMP_1552,Facebook,86580.53,561781,14616,21384,540,210,403139.62,45-54,Delhi,8,Lead Generation,2.6,1.44,5.92,365.62
CAMP_1553,YouTube,70871.28,308287,8286,19630,306,167,591376.78,35-44,Bangalore,20,Website Traffic,2.69,2.02,8.55,734.44
CAMP_1554,YouTube,21174.62,109951,2286,6304,58,32,121850.53,18-24,Coimbatore,15,Website Traffic,2.08,1.4,9.26,475.46
CAMP_1555,Google Ads,30812.21,90336,5418,10572,425,198,430512.75,18-24,Mumbai,9,Brand Awareness,6.0,3.65,5.69,1297.21
CAMP_1556,Google Ads,25209.06,75806,3702,8188,357,163,240546.57,55+,Delhi,25,Website Traffic,4.88,4.4,6.81,854.21
CAMP_1557,Facebook,62340.65,465875,13649,25791,952,523,1691402.98,55+,Delhi,15,Sales,2.93,3.83,4.57,2613.16
CAMP_1558,Instagram,52843.89,310567,12859,18279,693,385,1319428.48,55+,Bangalore,23,Sales,4.14,2.99,4.11,2396.84
CAMP_1559,YouTube,87372.6,365903,6079,16735,270,154,417800.19,45-54,Bangalore,10,Website Traffic,1.66,2.53,14.37,378.18
CAMP_1560,LinkedIn,95503.92,215226,5399,7598,369,289,410896.69,55+,Hyderabad,23,Lead Generation,2.51,5.35,17.69,330.24
CAMP_1561,Instagram,43461.69,217880,5032,6937,336,220,866833.5,18-24,Delhi,19,Brand Awareness,2.31,4.37,8.64,1894.48
CAMP_1562,Google Ads,53103.3,169367,8501,16447,721,260,837968.94,55+,Bangalore,11,Lead Generation,5.02,3.06,6.25,1478.0
CAMP_1563,YouTube,97294.05,413787,7382,16641,309,188,757450.36,25-34,Chennai,22,Website Traffic,1.78,2.55,13.18,678.52
CAMP_1564,Google Ads,31242.7,112199,5868,10374,287,210,894324.62,55+,Mumbai,15,Sales,5.23,3.58,5.32,2762.51
CAMP_1565,YouTube,80277.12,377182,6711,10120,204,77,292639.45,45-54,Chennai,4,Brand Awareness,1.78,1.15,11.96,264.54
CAMP_1566,Instagram,26397.79,152844,4077,10235,196,110,478628.34,25-34,Mumbai,6,Lead Generation,2.67,2.7,6.47,1713.14
CAMP_1567,Facebook,69738.71,468984,10326,18390,379,218,945101.48,18-24,Delhi,27,Lead Generation,2.2,2.11,6.75,1255.2
CAMP_1568,Google Ads,29093.48,98639,6054,9147,626,518,1621153.73,18-24,Hyderabad,4,Website Traffic,6.14,8.56,4.81,5472.22
CAMP_1569,Facebook,88954.67,525319,14079,25119,745,438,1542384.92,35-44,Bangalore,6,Brand Awareness,2.68,3.11,6.32,1633.9
CAMP_1570,Instagram,58340.4,326576,9511,14678,657,476,1626906.47,25-34,Bangalore,20,Sales,2.91,5.0,6.13,2688.64
CAMP_1571,Facebook,22663.7,136600,4019,8163,162,81,254023.31,35-44,Bangalore,7,Website Traffic,2.94,2.02,5.64,1020.84
CAMP_1572,Google Ads,26315.07,96011,3860,8759,190,141,136724.69,25-34,Delhi,21,Brand Awareness,4.02,3.65,6.82,419.57
CAMP_1573,Facebook,51915.67,265152,7834,19423,406,208,453702.92,25-34,Mumbai,12,Lead Generation,2.95,2.66,6.63,773.92
CAMP_1574,YouTube,96352.19,417814,8626,13492,386,218,274741.46,45-54,Bangalore,20,Website Traffic,2.06,2.53,11.17,185.14
CAMP_1575,Google Ads,78116.01,242551,13189,19350,1543,910,1802648.84,35-44,Chennai,27,Lead Generation,5.44,6.9,5.92,2207.66
CAMP_1576,Google Ads,51389.42,162351,9764,12023,482,392,449558.66,45-54,Bangalore,23,Lead Generation,6.01,4.01,5.26,774.81
CAMP_1577,Google Ads,37083.32,116966,8336,13045,487,183,770816.75,25-34,Delhi,12,Website Traffic,7.13,2.2,4.45,1978.61
CAMP_1578,Facebook,57180.51,356059,10549,13062,594,266,671593.53,18-24,Hyderabad,7,Website Traffic,2.96,2.52,5.42,1074.51
CAMP_1579,Facebook,76094.28,469410,12671,22209,468,329,520383.25,25-34,Chennai,19,Website Traffic,2.7,2.6,6.01,583.87
CAMP_1580,Facebook,79473.22,506296,11158,15991,254,162,486843.25,45-54,Bangalore,24,Website Traffic,2.2,1.45,7.12,512.59
CAMP_1581,Google Ads,35837.84,116128,3638,7741,203,97,155900.67,35-44,Bangalore,15,Website Traffic,3.13,2.67,9.85,335.02
CAMP_1582,Instagram,73510.13,466894,15285,27726,827,409,1552557.93,35-44,Coimbatore,25,Lead Generation,3.27,2.68,4.81,2012.03
CAMP_1583,Facebook,67489.93,481941,10435,14085,237,126,252164.91,45-54,Mumbai,19,Sales,2.17,1.21,6.47,273.63
CAMP_1584,Instagram,96115.67,546834,9497,17472,733,422,858197.04,35-44,Chennai,11,Sales,1.74,4.44,10.12,792.88
CAMP_1585,LinkedIn,93453.58,199445,3363,5162,196,149,600741.69,55+,Coimbatore,26,Website Traffic,1.69,4.43,27.79,542.82
CAMP_1586,Google Ads,79991.04,241465,13853,31700,1016,363,1057466.33,18-24,Hyderabad,14,Lead Generation,5.74,2.62,5.77,1221.98
CAMP_1587,Facebook,73722.5,412327,13092,23344,386,308,1261040.57,18-24,Mumbai,16,Sales,3.18,2.35,5.63,1610.52
CAMP_1588,Instagram,31033.95,185559,7072,10150,437,243,579894.45,18-24,Chennai,16,Sales,3.81,3.44,4.39,1768.58
CAMP_1589,Instagram,85366.7,472562,17506,30799,780,363,776144.71,35-44,Bangalore,10,Sales,3.7,2.07,4.88,809.19
CAMP_1590,Facebook,45613.04,295054,9604,14973,429,259,705083.67,35-44,Chennai,25,Lead Generation,3.25,2.7,4.75,1445.79
CAMP_1591,Facebook,30862.85,198043,4080,10091,108,73,81860.01,25-34,Bangalore,7,Website Traffic,2.06,1.79,7.56,165.24
CAMP_1592,LinkedIn,41495.27,87065,1525,4229,121,45,65480.52,25-34,Mumbai,21,Website Traffic,1.75,2.95,27.21,57.8
CAMP_1593,Google Ads,84413.87,246466,14970,18575,1554,1100,1859305.68,18-24,Bangalore,30,Website Traffic,6.07,7.35,5.64,2102.61
CAMP_1594,Google Ads,19120.16,57586,3194,7359,206,150,576005.73,55+,Hyderabad,16,Brand Awareness,5.55,4.7,5.99,2912.56
CAMP_1595,Facebook,48335.08,313833,8542,13858,411,178,630418.24,25-34,Delhi,11,Brand Awareness,2.72,2.08,5.66,1204.27
CAMP_1596,Facebook,51773.97,321497,9047,11818,393,171,272899.96,25-34,Bangalore,9,Brand Awareness,2.81,1.89,5.72,427.1
CAMP_1597,Google Ads,8479.82,22757,1307,1598,151,68,128947.8,35-44,Hyderabad,29,Lead Generation,5.74,5.2,6.49,1420.64
CAMP_1598,Google Ads,23595.87,67696,3672,9583,304,227,975950.79,55+,Delhi,28,Sales,5.42,6.18,6.43,4036.11
CAMP_1599,Google Ads,83540.53,255480,11911,21032,1011,491,593565.32,18-24,Mumbai,28,Sales,4.66,4.12,7.01,610.51
CAMP_1600,YouTube,83922.9,380540,5542,15469,169,126,361725.63,25-34,Mumbai,10,Lead Generation,1.46,2.27,15.14,331.02
CAMP_1601,Google Ads,32779.43,106660,5651,10781,402,249,692027.07,55+,Chennai,16,Lead Generation,5.3,4.41,5.8,2011.16
CAMP_1602,Instagram,88115.24,491067,15877,23818,672,493,1731686.23,55+,Hyderabad,24,Website Traffic,3.23,3.11,5.55,1865.25
CAMP_1603,Google Ads,78319.38,237646,13180,32204,1230,771,1419540.03,18-24,Hyderabad,30,Website Traffic,5.55,5.85,5.94,1712.5
CAMP_1604,Instagram,44701.21,240451,9014,24179,517,268,1143068.65,55+,Coimbatore,16,Brand Awareness,3.75,2.97,4.96,2457.13
CAMP_1605,Google Ads,76098.6,241641,15995,40067,852,686,1631375.48,55+,Coimbatore,13,Brand Awareness,6.62,4.29,4.76,2043.77
CAMP_1606,Instagram,96326.79,553046,17366,41545,779,551,1062653.41,55+,Delhi,16,Lead Generation,3.14,3.17,5.55,1003.18
CAMP_1607,Google Ads,48602.12,147874,7991,13869,583,345,728891.82,25-34,Delhi,23,Brand Awareness,5.4,4.32,6.08,1399.71
CAMP_1608,YouTube,27650.58,114849,2661,3468,87,58,125013.23,18-24,Coimbatore,10,Sales,2.32,2.18,10.39,352.12
CAMP_1609,Google Ads,94472.57,292898,17346,26402,843,555,896958.97,55+,Delhi,5,Lead Generation,5.92,3.2,5.45,849.44
CAMP_1610,Facebook,62355.71,369462,9521,18232,541,286,1212924.32,55+,Bangalore,30,Lead Generation,2.58,3.0,6.55,1845.17
CAMP_1611,YouTube,15000.19,69751,1639,4474,74,42,64241.13,25-34,Coimbatore,25,Sales,2.35,2.56,9.15,328.27
CAMP_1612,Facebook,59404.87,415262,11321,26679,533,271,1105191.52,18-24,Hyderabad,20,Website Traffic,2.73,2.39,5.25,1760.44
CAMP_1613,Facebook,52555.18,292954,8018,20247,320,272,641306.69,35-44,Bangalore,5,Website Traffic,2.74,3.39,6.55,1120.25
CAMP_1614,Instagram,86280.94,523464,18058,29681,1292,827,1545989.95,25-34,Delhi,15,Sales,3.45,4.58,4.78,1691.81
CAMP_1615,Instagram,55416.04,319419,9667,22177,594,235,379438.57,18-24,Mumbai,14,Sales,3.03,2.43,5.73,584.71
CAMP_1616,Facebook,29247.08,198922,5665,14615,170,104,282425.77,55+,Chennai,17,Brand Awareness,2.85,1.84,5.16,865.65
CAMP_1617,LinkedIn,69186.19,148388,2814,5535,201,75,248199.81,18-24,Coimbatore,20,Lead Generation,1.9,2.67,24.59,258.74
CAMP_1618,Facebook,56544.67,312522,10038,18950,368,182,752314.42,18-24,Mumbai,7,Brand Awareness,3.21,1.81,5.63,1230.48
CAMP_1619,Facebook,27139.24,172059,5466,12851,119,68,220918.92,18-24,Delhi,9,Sales,3.18,1.24,4.97,714.02
CAMP_1620,Facebook,59494.65,413478,12134,25431,563,347,916491.18,35-44,Hyderabad,13,Brand Awareness,2.93,2.86,4.9,1440.46
CAMP_1621,Instagram,83045.88,422223,7167,19989,361,303,309215.69,18-24,Chennai,28,Sales,1.7,4.23,11.59,272.34
CAMP_1622,Google Ads,7714.24,22351,1283,2412,79,66,276905.43,35-44,Mumbai,29,Brand Awareness,5.74,5.14,6.01,3489.54
CAMP_1623,Facebook,64930.85,424881,12749,18888,717,286,1186479.37,55+,Chennai,13,Brand Awareness,3.0,2.24,5.09,1727.3
CAMP_1624,LinkedIn,38210.59,81433,1624,3175,60,37,83745.1,35-44,Coimbatore,29,Website Traffic,1.99,2.28,23.53,119.17
CAMP_1625,Google Ads,32803.79,116175,5290,8339,491,372,373683.22,55+,Delhi,17,Sales,4.55,7.03,6.2,1039.15
CAMP_1626,Facebook,42295.84,278139,4813,10098,229,107,378793.95,55+,Hyderabad,12,Brand Awareness,1.73,2.22,8.79,795.58
CAMP_1627,Google Ads,37492.15,110422,6954,9744,532,386,1447519.75,35-44,Delhi,17,Lead Generation,6.3,5.55,5.39,3760.86
CAMP_1628,Facebook,84062.72,501659,10950,29784,341,269,767423.91,25-34,Chennai,15,Brand Awareness,2.18,2.46,7.68,812.92
CAMP_1629,Google Ads,31105.79,93122,6248,16093,503,343,806170.03,45-54,Mumbai,16,Brand Awareness,6.71,5.49,4.98,2491.7
CAMP_1630,Instagram,74649.54,413296,11848,17167,671,345,1367606.98,18-24,Coimbatore,19,Lead Generation,2.87,2.91,6.3,1732.04
CAMP_1631,YouTube,13935.68,64887,1111,1640,38,31,49384.83,45-54,Coimbatore,15,Sales,1.71,2.79,12.54,254.38
CAMP_1632,Instagram,95382.66,539715,18358,37081,1301,1030,2556881.77,18-24,Delhi,12,Website Traffic,3.4,5.61,5.2,2580.66
CAMP_1633,Facebook,64120.08,364692,11344,27641,478,338,333994.7,18-24,Mumbai,27,Website Traffic,3.11,2.98,5.65,420.89
CAMP_1634,YouTube,72138.26,351559,8122,12593,250,133,198228.24,55+,Mumbai,3,Website Traffic,2.31,1.64,8.88,174.79
CAMP_1635,LinkedIn,33313.74,72313,1419,1841,59,44,188627.67,18-24,Chennai,3,Lead Generation,1.96,3.1,23.48,466.22
CAMP_1636,Google Ads,44149.17,127729,6130,12707,499,254,757199.32,18-24,Delhi,17,Brand Awareness,4.8,4.14,7.2,1615.09
CAMP_1637,Instagram,26258.95,140479,3260,7519,195,93,353412.31,35-44,Delhi,18,Sales,2.32,2.85,8.05,1245.87
CAMP_1638,Google Ads,93590.93,316204,16171,25728,1686,1024,2715035.13,45-54,Bangalore,14,Brand Awareness,5.11,6.33,5.79,2800.96
CAMP_1639,LinkedIn,51369.92,115893,1656,3947,101,86,335862.47,35-44,Delhi,28,Website Traffic,1.43,5.19,31.02,553.81
CAMP_1640,LinkedIn,64892.57,147408,2860,7782,165,124,352187.51,18-24,Coimbatore,26,Brand Awareness,1.94,4.34,22.69,442.72
CAMP_1641,Facebook,74755.84,423492,13724,19479,626,448,410518.42,55+,Chennai,8,Lead Generation,3.24,3.26,5.45,449.15
CAMP_1642,YouTube,40255.08,184913,4004,8079,153,88,364224.65,35-44,Mumbai,8,Lead Generation,2.17,2.2,10.05,804.79
CAMP_1643,Instagram,73409.66,440377,14090,18189,674,341,489279.77,35-44,Delhi,14,Sales,3.2,2.42,5.21,566.51
CAMP_1644,Facebook,69219.29,370220,9787,14981,540,420,1059238.8,25-34,Chennai,27,Sales,2.64,4.29,7.07,1430.27
CAMP_1645,Google Ads,72037.64,218113,14113,18964,1076,682,1784130.81,18-24,Delhi,17,Website Traffic,6.47,4.83,5.1,2376.66
CAMP_1646,YouTube,51476.84,245651,3459,6387,143,108,115565.46,55+,Mumbai,6,Sales,1.41,3.12,14.88,124.5
CAMP_1647,Google Ads,41379.05,130947,5638,14170,329,195,212755.41,35-44,Hyderabad,26,Brand Awareness,4.31,3.46,7.34,414.16
CAMP_1648,YouTube,26097.81,108958,3040,6455,97,71,258808.24,35-44,Mumbai,6,Lead Generation,2.79,2.34,8.58,891.69
CAMP_1649,YouTube,83339.5,390885,6354,9888,256,201,398306.19,55+,Mumbai,4,Lead Generation,1.63,3.16,13.12,377.93
CAMP_1650,Facebook,62793.25,355805,10915,13798,605,330,783638.26,18-24,Mumbai,29,Lead Generation,3.07,3.02,5.75,1147.97
CAMP_1651,Google Ads,47213.46,137302,8553,17837,444,158,463067.2,25-34,Delhi,26,Sales,6.23,1.85,5.52,880.79
CAMP_1652,Instagram,94679.61,493910,10325,14584,585,279,626129.0,35-44,Bangalore,14,Lead Generation,2.09,2.7,9.17,561.31
CAMP_1653,Google Ads,9544.69,33510,1268,2217,74,60,221408.08,25-34,Mumbai,9,Lead Generation,3.78,4.73,7.53,2219.7
CAMP_1654,Instagram,85766.33,412833,16218,32700,471,327,1335491.79,45-54,Coimbatore,22,Lead Generation,3.93,2.02,5.29,1457.13
CAMP_1655,Google Ads,99770.35,271977,12339,32649,1249,898,1001255.98,18-24,Coimbatore,11,Website Traffic,4.54,7.28,8.09,903.56
CAMP_1656,LinkedIn,89259.5,202850,3030,4033,225,115,366557.0,45-54,Chennai,11,Website Traffic,1.49,3.8,29.46,310.66
CAMP_1657,Facebook,81991.48,516743,13112,29761,332,233,476153.21,45-54,Bangalore,10,Sales,2.54,1.78,6.25,480.73
CAMP_1658,Instagram,40559.07,216857,5727,7001,213,143,428970.11,45-54,Chennai,16,Lead Generation,2.64,2.5,7.08,957.64
CAMP_1659,Instagram,26974.85,150026,5256,11604,227,100,264206.63,18-24,Coimbatore,3,Sales,3.5,1.9,5.13,879.46
CAMP_1660,Instagram,74810.8,380220,9578,19946,344,287,603056.65,18-24,Coimbatore,25,Lead Generation,2.52,3.0,7.81,706.11
CAMP_1661,Facebook,33934.66,213655,3866,9661,159,84,104272.25,55+,Hyderabad,23,Lead Generation,1.81,2.17,8.78,207.27
CAMP_1662,Instagram,21723.77,122711,4744,9728,100,51,148613.17,25-34,Mumbai,25,Lead Generation,3.87,1.08,4.58,584.1
CAMP_1663,LinkedIn,79719.96,194371,2785,4913,177,95,124075.06,25-34,Coimbatore,14,Sales,1.43,3.41,28.62,55.64
CAMP_1664,Instagram,34691.65,222139,6146,9762,462,183,267551.91,55+,Delhi,27,Sales,2.77,2.98,5.64,671.23
CAMP_1665,LinkedIn,91871.96,199789,4133,5523,341,226,1002497.79,55+,Delhi,4,Lead Generation,2.07,5.47,22.23,991.19
CAMP_1666,YouTube,84860.1,346436,7367,15142,224,105,214214.56,45-54,Chennai,15,Brand Awareness,2.13,1.43,11.52,152.43
CAMP_1667,Google Ads,85525.83,275500,18186,47671,2430,1827,5488253.71,55+,Chennai,29,Sales,6.6,10.05,4.7,6317.07
CAMP_1668,LinkedIn,78299.12,172135,3570,7224,140,77,144762.69,35-44,Mumbai,6,Website Traffic,2.07,2.16,21.93,84.88
CAMP_1669,Google Ads,88683.74,273188,13799,32877,1084,628,2521943.74,25-34,Mumbai,22,Sales,5.05,4.55,6.43,2743.75
CAMP_1670,YouTube,81545.95,322890,8028,13467,383,258,495366.37,55+,Hyderabad,20,Lead Generation,2.49,3.21,10.16,507.47
CAMP_1671,Instagram,62238.58,348498,11489,22025,592,433,961600.57,35-44,Bangalore,21,Brand Awareness,3.3,3.77,5.42,1445.02
CAMP_1672,YouTube,33103.16,155559,2915,5012,102,47,145239.18,35-44,Chennai,18,Lead Generation,1.87,1.61,11.36,338.75
CAMP_1673,YouTube,89379.87,438560,9691,13323,245,204,822518.24,35-44,Mumbai,29,Website Traffic,2.21,2.11,9.22,820.25
CAMP_1674,YouTube,84857.34,370117,5940,11091,126,83,318584.79,35-44,Chennai,16,Sales,1.6,1.4,14.29,275.44
CAMP_1675,YouTube,49923.54,211941,5119,12403,140,49,90644.88,45-54,Mumbai,10,Sales,2.42,0.96,9.75,81.57
CAMP_1676,Instagram,8712.48,46414,1673,3065,81,45,174887.9,35-44,Coimbatore,14,Lead Generation,3.6,2.69,5.21,1907.33
CAMP_1677,Google Ads,65661.65,220519,12391,27759,1098,624,2136765.16,45-54,Chennai,11,Lead Generation,5.62,5.04,5.3,3154.21
CAMP_1678,Instagram,9806.7,60523,1268,3061,54,41,182998.69,45-54,Coimbatore,8,Website Traffic,2.1,3.23,7.73,1766.06
CAMP_1679,Google Ads,92996.6,316676,21036,36106,1115,560,2389862.5,35-44,Chennai,28,Brand Awareness,6.64,2.66,4.42,2469.84
CAMP_1680,Facebook,96354.97,633423,19131,47369,856,441,1243307.86,25-34,Bangalore,20,Website Traffic,3.02,2.31,5.04,1190.34
CAMP_1681,Instagram,23001.56,127457,4062,7077,91,35,125991.01,35-44,Hyderabad,4,Brand Awareness,3.19,0.86,5.66,447.75
CAMP_1682,LinkedIn,69256.99,155428,2707,4358,174,86,253927.64,35-44,Delhi,25,Sales,1.74,3.18,25.58,266.65
CAMP_1683,Facebook,13765.56,87890,2223,3459,128,91,276820.51,35-44,Delhi,10,Brand Awareness,2.53,4.09,6.19,1910.96
CAMP_1684,YouTube,74304.11,330934,6519,9908,183,122,154379.16,25-34,Delhi,26,Brand Awareness,1.97,1.87,11.4,107.77
CAMP_1685,Google Ads,37992.33,127172,7963,18947,410,160,145293.53,18-24,Coimbatore,16,Sales,6.26,2.01,4.77,282.43
CAMP_1686,YouTube,69699.76,274927,5236,13718,195,79,84804.2,18-24,Mumbai,8,Sales,1.9,1.51,13.31,21.67
CAMP_1687,LinkedIn,40423.27,79282,1357,2129,76,41,179574.69,45-54,Delhi,12,Sales,1.71,3.02,29.79,344.24
CAMP_1688,Instagram,18828.91,90759,2838,3793,143,103,139520.26,45-54,Bangalore,10,Website Traffic,3.13,3.63,6.63,640.99
CAMP_1689,Facebook,43580.45,254898,7008,11928,239,183,193943.94,25-34,Delhi,19,Sales,2.75,2.61,6.22,345.03
CAMP_1690,YouTube,15703.99,79069,1476,3325,43,15,30220.79,55+,Chennai,27,Lead Generation,1.87,1.02,10.64,92.44
CAMP_1691,Google Ads,59803.91,169111,9016,16135,796,410,1237153.59,18-24,Coimbatore,14,Sales,5.33,4.55,6.63,1968.68
CAMP_1692,Instagram,8890.4,44839,1524,3168,68,38,163949.42,45-54,Chennai,19,Sales,3.4,2.49,5.83,1744.12
CAMP_1693,Instagram,55095.37,285875,7658,18309,401,323,1104529.28,18-24,Chennai,15,Sales,2.68,4.22,7.19,1904.76
CAMP_1694,Google Ads,89205.02,303465,16193,30015,943,566,1072496.81,25-34,Chennai,21,Brand Awareness,5.34,3.5,5.51,1102.28
CAMP_1695,Instagram,84597.96,523954,22594,63252,858,416,1780733.29,25-34,Hyderabad,14,Website Traffic,4.31,1.84,3.74,2004.94
CAMP_1696,Google Ads,88864.26,300251,16326,27374,900,491,505606.2,55+,Hyderabad,18,Sales,5.44,3.01,5.44,468.96
CAMP_1697,Google Ads,92594.64,314290,14391,39794,1347,765,3384814.74,55+,Mumbai,27,Website Traffic,4.58,5.32,6.43,3555.52
CAMP_1698,Google Ads,14930.15,52823,2358,3596,213,146,162221.55,25-34,Coimbatore,29,Lead Generation,4.46,6.19,6.33,986.54
CAMP_1699,LinkedIn,17230.98,32788,456,628,31,11,39752.46,45-54,Bangalore,7,Lead Generation,1.39,2.41,37.79,130.7
CAMP_1700,Facebook,57915.65,326503,11820,28384,453,247,262578.57,18-24,Bangalore,27,Sales,3.62,2.09,4.9,353.38
CAMP_1701,LinkedIn,89927.4,188636,4012,9323,219,147,625282.32,35-44,Bangalore,18,Lead Generation,2.13,3.66,22.41,595.32
CAMP_1702,Instagram,97563.2,546516,13429,33544,1076,529,683043.33,55+,Chennai,27,Website Traffic,2.46,3.94,7.27,600.1
CAMP_1703,Instagram,9394.88,52613,1748,3059,84,54,58413.12,35-44,Hyderabad,8,Brand Awareness,3.32,3.09,5.37,521.75
CAMP_1704,Instagram,38798.54,217549,8496,22848,467,247,1013034.58,45-54,Coimbatore,13,Sales,3.91,2.91,4.57,2511.01
CAMP_1705,Instagram,25224.95,149491,4749,6607,163,119,148138.1,55+,Chennai,19,Lead Generation,3.18,2.51,5.31,487.27
CAMP_1706,Google Ads,76816.76,203222,10188,12719,678,258,973318.58,35-44,Hyderabad,28,Website Traffic,5.01,2.53,7.54,1167.07
CAMP_1707,Facebook,65818.42,406747,15983,26866,788,637,2286399.84,45-54,Hyderabad,25,Website Traffic,3.93,3.99,4.12,3373.8
CAMP_1708,Google Ads,16389.36,52305,1890,4679,129,56,171133.81,18-24,Delhi,16,Lead Generation,3.61,2.96,8.67,944.18
CAMP_1709,Facebook,50934.6,310051,12795,29131,343,147,332317.87,45-54,Delhi,8,Website Traffic,4.13,1.15,3.98,552.44
CAMP_1710,Facebook,70116.85,444861,12591,23897,874,673,2823968.56,55+,Coimbatore,27,Website Traffic,2.83,5.35,5.57,3927.52
CAMP_1711,Google Ads,79005.51,267082,18102,29144,2061,1617,6526038.21,25-34,Coimbatore,25,Sales,6.78,8.93,4.36,8160.23
CAMP_1712,Google Ads,6905.01,21686,935,1211,52,21,51124.28,18-24,Coimbatore,30,Website Traffic,4.31,2.25,7.39,640.39
CAMP_1713,YouTube,89594.61,476897,8707,15150,301,242,419678.78,35-44,Chennai,13,Lead Generation,1.83,2.78,10.29,368.42
CAMP_1714,Instagram,59081.73,353201,9105,17628,306,149,280307.44,55+,Mumbai,14,Sales,2.58,1.64,6.49,374.44
CAMP_1715,Google Ads,82131.37,262125,14155,32546,1040,686,1161511.11,25-34,Coimbatore,15,Lead Generation,5.4,4.85,5.8,1314.21
CAMP_1716,LinkedIn,81754.11,188997,3590,8018,241,93,264911.16,45-54,Delhi,6,Brand Awareness,1.9,2.59,22.77,224.03
CAMP_1717,Google Ads,23036.0,76268,5000,13579,261,141,567770.31,25-34,Mumbai,9,Lead Generation,6.56,2.82,4.61,2364.71
CAMP_1718,Facebook,15466.35,109698,2125,2891,101,58,213730.18,55+,Chennai,4,Lead Generation,1.94,2.73,7.28,1281.9
CAMP_1719,LinkedIn,73522.29,178732,3308,5750,156,101,380147.6,55+,Mumbai,8,Sales,1.85,3.05,22.23,417.05
CAMP_1720,Google Ads,19860.56,64617,4126,8130,329,202,507795.39,25-34,Bangalore,8,Website Traffic,6.39,4.9,4.81,2456.8
CAMP_1721,Google Ads,85744.06,252331,16582,37693,1442,837,1724890.77,45-54,Mumbai,20,Lead Generation,6.57,5.05,5.17,1911.67
CAMP_1722,Google Ads,73988.0,238887,12097,24106,1165,967,3506806.91,25-34,Coimbatore,22,Sales,5.06,7.99,6.12,4639.7
CAMP_1723,Instagram,84973.41,493939,14588,38810,707,313,1175588.5,55+,Chennai,10,Brand Awareness,2.95,2.15,5.82,1283.48
CAMP_1724,Google Ads,33406.2,110891,5998,13039,295,127,432215.71,55+,Coimbatore,10,Sales,5.41,2.12,5.57,1193.82
CAMP_1725,Facebook,35076.82,206359,5972,7545,270,191,193976.86,35-44,Delhi,10,Sales,2.89,3.2,5.87,453.01
CAMP_1726,Google Ads,68766.05,227582,15452,21352,1103,427,1290763.3,35-44,Bangalore,10,Website Traffic,6.79,2.76,4.45,1777.04
CAMP_1727,Instagram,7987.37,47216,1182,2843,54,32,68779.68,18-24,Delhi,3,Lead Generation,2.5,2.71,6.76,761.11
CAMP_1728,LinkedIn,74017.19,148562,2296,5385,108,64,102802.81,55+,Coimbatore,4,Brand Awareness,1.55,2.79,32.24,38.89
CAMP_1729,YouTube,84399.39,346761,5537,8004,129,65,220988.49,35-44,Coimbatore,14,Sales,1.6,1.17,15.24,161.84
CAMP_1730,Facebook,44440.54,302596,9125,11810,312,254,474140.3,25-34,Coimbatore,17,Lead Generation,3.02,2.78,4.87,966.91
CAMP_1731,Instagram,77663.49,401946,15412,32765,1021,502,2101486.54,45-54,Hyderabad,6,Lead Generation,3.83,3.26,5.04,2605.89
CAMP_1732,Facebook,21588.04,151524,3158,7002,104,51,100627.32,25-34,Bangalore,30,Sales,2.08,1.61,6.84,366.13
CAMP_1733,Instagram,35614.74,193444,6289,8908,278,130,376824.52,45-54,Coimbatore,27,Lead Generation,3.25,2.07,5.66,958.06
CAMP_1734,Instagram,97558.97,558682,21189,41484,902,381,1478258.58,35-44,Coimbatore,5,Sales,3.79,1.8,4.6,1415.25
CAMP_1735,Google Ads,98701.18,316739,19881,33586,1088,579,1359275.46,18-24,Delhi,16,Sales,6.28,2.91,4.96,1277.16
CAMP_1736,YouTube,53697.48,230128,5505,14809,219,151,586358.47,25-34,Delhi,24,Sales,2.39,2.74,9.75,991.97
CAMP_1737,Instagram,93755.63,578804,14555,22571,951,686,2404640.62,25-34,Coimbatore,25,Brand Awareness,2.51,4.71,6.44,2464.8
CAMP_1738,Google Ads,54659.41,167012,10458,24819,479,362,1525872.51,25-34,Chennai,10,Sales,6.26,3.46,5.23,2691.6
CAMP_1739,Instagram,32700.87,182526,5645,11454,281,126,261198.56,45-54,Hyderabad,15,Website Traffic,3.09,2.23,5.79,698.75
CAMP_1740,Instagram,30355.43,141899,5415,6598,248,91,116307.19,35-44,Delhi,25,Lead Generation,3.82,1.68,5.61,283.15
CAMP_1741,YouTube,93303.04,378763,8597,17428,389,326,798458.17,25-34,Chennai,21,Brand Awareness,2.27,3.79,10.85,755.77
CAMP_1742,Facebook,21382.41,145690,3481,4731,130,46,171530.71,25-34,Hyderabad,24,Lead Generation,2.39,1.32,6.14,702.2
CAMP_1743,YouTube,60065.08,272902,6019,13570,188,156,393364.36,18-24,Coimbatore,7,Brand Awareness,2.21,2.59,9.98,554.9
CAMP_1744,Google Ads,57774.88,172089,10859,22856,561,429,790714.16,18-24,Bangalore,15,Website Traffic,6.31,3.95,5.32,1268.61
CAMP_1745,Instagram,75264.06,399084,11607,14122,438,353,352778.12,35-44,Mumbai,30,Brand Awareness,2.91,3.04,6.48,368.72
CAMP_1746,Instagram,52428.08,304050,9955,15206,260,141,285790.88,35-44,Mumbai,28,Brand Awareness,3.27,1.42,5.27,445.11
CAMP_1747,Google Ads,30867.14,106186,4435,10830,235,105,364158.06,55+,Coimbatore,22,Brand Awareness,4.18,2.37,6.96,1079.76
CAMP_1748,Google Ads,21092.67,62952,3805,6245,360,235,336381.24,18-24,Delhi,3,Lead Generation,6.04,6.18,5.54,1494.78
CAMP_1749,YouTube,63977.79,316303,6575,13142,201,145,308439.04,55+,Chennai,18,Sales,2.08,2.21,9.73,382.1
CAMP_1750,Google Ads,73304.12,226142,14484,24611,1339,556,540895.29,45-54,Bangalore,25,Lead Generation,6.4,3.84,5.06,637.88
CAMP_1751,Facebook,59104.52,384199,11766,31467,739,553,1934569.86,55+,Hyderabad,26,Sales,3.06,4.7,5.02,3173.13
CAMP_1752,Google Ads,75143.37,201477,10269,21139,688,313,1274053.66,25-34,Coimbatore,4,Lead Generation,5.1,3.05,7.32,1595.5
CAMP_1753,Google Ads,18444.51,50244,2342,5419,155,92,271096.58,55+,Bangalore,9,Website Traffic,4.66,3.93,7.88,1369.8
CAMP_1754,Google Ads,88834.67,295821,13118,17494,731,569,565096.42,35-44,Bangalore,8,Website Traffic,4.43,4.34,6.77,536.12
CAMP_1755,LinkedIn,60327.57,137010,2241,2834,160,71,119525.03,45-54,Delhi,7,Brand Awareness,1.64,3.17,26.92,98.13
CAMP_1756,YouTube,17050.17,80004,1948,3146,79,37,91704.09,25-34,Hyderabad,6,Website Traffic,2.43,1.9,8.75,437.85
CAMP_1757,LinkedIn,48882.89,99254,1222,2071,73,28,84428.19,55+,Bangalore,4,Brand Awareness,1.23,2.29,40.0,72.72
CAMP_1758,Instagram,85255.22,457641,11914,27406,370,157,421795.39,45-54,Delhi,12,Sales,2.6,1.32,7.16,394.74
CAMP_1759,Google Ads,90268.41,244351,15517,32750,1368,579,2430131.19,45-54,Chennai,24,Website Traffic,6.35,3.73,5.82,2592.12
CAMP_1760,Facebook,30141.7,175614,6093,10963,234,106,453583.62,25-34,Delhi,7,Sales,3.47,1.74,4.95,1404.84
CAMP_1761,Instagram,72570.25,402431,10599,23812,576,284,365152.68,55+,Chennai,20,Lead Generation,2.63,2.68,6.85,403.17
CAMP_1762,YouTube,14498.6,67631,1153,1685,31,23,32158.76,45-54,Chennai,12,Sales,1.7,1.99,12.57,121.81
CAMP_1763,Google Ads,8186.86,24125,1663,2165,161,130,284569.7,45-54,Bangalore,25,Lead Generation,6.89,7.82,4.92,3375.93
CAMP_1764,Instagram,58237.9,337836,10570,27135,785,434,1048737.38,18-24,Delhi,24,Sales,3.13,4.11,5.51,1700.78
CAMP_1765,Google Ads,71008.62,221222,10208,21460,865,358,1077522.75,45-54,Chennai,30,Sales,4.61,3.51,6.96,1417.45
CAMP_1766,Instagram,80599.74,439683,16715,37417,979,452,1664885.54,18-24,Hyderabad,17,Website Traffic,3.8,2.7,4.82,1965.62
CAMP_1767,Facebook,37320.54,234814,7171,12130,199,143,198593.21,55+,Bangalore,29,Sales,3.05,1.99,5.2,432.13
CAMP_1768,Instagram,5619.91,36466,1322,2373,58,40,151580.12,55+,Delhi,11,Website Traffic,3.63,3.03,4.25,2597.2
CAMP_1769,Instagram,50554.33,277240,7526,10023,434,362,1120788.9,55+,Delhi,13,Website Traffic,2.71,4.81,6.72,2117.0
CAMP_1770,Instagram,6506.09,38898,1329,3417,55,20,88623.68,35-44,Mumbai,28,Brand Awareness,3.42,1.5,4.9,1262.16
CAMP_1771,Instagram,13738.53,79661,3121,6704,161,117,379571.83,55+,Delhi,23,Brand Awareness,3.92,3.75,4.4,2662.83
CAMP_1772,YouTube,36035.46,160546,3760,5015,110,66,229543.34,45-54,Bangalore,27,Lead Generation,2.34,1.76,9.58,536.99
CAMP_1773,YouTube,46531.34,185274,4535,11280,208,167,267659.57,25-34,Hyderabad,27,Sales,2.45,3.68,10.26,475.22
CAMP_1774,LinkedIn,31549.6,66592,1501,2868,91,58,212738.38,18-24,Delhi,19,Lead Generation,2.25,3.86,21.02,574.3
CAMP_1775,YouTube,60277.2,275662,6235,15115,225,129,152911.21,35-44,Mumbai,23,Sales,2.26,2.07,9.67,153.68
CAMP_1776,Instagram,10258.23,56512,1624,1982,71,48,156648.46,55+,Bangalore,11,Brand Awareness,2.87,2.96,6.32,1427.05
CAMP_1777,Facebook,18735.07,129240,4190,5221,233,179,196911.18,55+,Chennai,25,Brand Awareness,3.24,4.27,4.47,951.03
CAMP_1778,Instagram,71049.55,371558,9523,14030,325,160,210370.07,25-34,Coimbatore,18,Sales,2.56,1.68,7.46,196.09
CAMP_1779,Google Ads,18503.38,57144,3017,4639,197,80,103065.49,25-34,Coimbatore,8,Sales,5.28,2.65,6.13,457.01
CAMP_1780,YouTube,65778.64,311823,7241,17540,218,123,133939.94,35-44,Chennai,24,Brand Awareness,2.32,1.7,9.08,103.62
CAMP_1781,Google Ads,10195.04,31151,721,1680,53,24,49346.4,18-24,Delhi,13,Brand Awareness,2.31,3.33,14.14,384.02
CAMP_1782,LinkedIn,43701.32,104679,1970,4306,97,55,246381.79,55+,Coimbatore,25,Lead Generation,1.88,2.79,22.18,463.79
CAMP_1783,Instagram,21853.9,110847,3738,9778,194,164,353192.26,35-44,Coimbatore,19,Brand Awareness,3.37,4.39,5.85,1516.15
CAMP_1784,Facebook,15415.45,84633,1885,3007,99,63,229243.98,45-54,Chennai,6,Sales,2.23,3.34,8.18,1387.11
CAMP_1785,Facebook,58868.11,359495,10656,28207,524,365,502364.56,45-54,Delhi,17,Lead Generation,2.96,3.43,5.52,753.37
CAMP_1786,YouTube,93191.9,421192,9147,24287,315,217,550348.43,35-44,Delhi,3,Sales,2.17,2.37,10.19,490.55
CAMP_1787,Facebook,10204.77,64893,1828,3464,80,61,95551.44,55+,Chennai,24,Website Traffic,2.82,3.34,5.58,836.34
CAMP_1788,Facebook,45047.65,284666,9677,13074,602,495,787817.16,35-44,Delhi,22,Lead Generation,3.4,5.12,4.66,1648.85
CAMP_1789,Google Ads,72215.87,218301,13906,32853,1023,695,874924.47,55+,Delhi,3,Sales,6.37,5.0,5.19,1111.54
CAMP_1790,Instagram,48955.34,239164,8535,14843,303,178,437053.89,25-34,Bangalore,11,Brand Awareness,3.57,2.09,5.74,792.76
CAMP_1791,Google Ads,81617.11,252631,11333,28014,629,320,375016.23,35-44,Bangalore,14,Website Traffic,4.49,2.82,7.2,359.48
CAMP_1792,Facebook,22066.31,126448,3529,5159,164,87,363252.92,55+,Chennai,6,Sales,2.79,2.47,6.25,1546.19
CAMP_1793,Instagram,96161.45,537246,20857,43033,1069,553,1389379.96,35-44,Hyderabad,30,Lead Generation,3.88,2.65,4.61,1344.84
CAMP_1794,Facebook,41590.45,236899,6377,12836,412,211,826874.84,35-44,Coimbatore,24,Sales,2.69,3.31,6.52,1888.14
CAMP_1795,Google Ads,37449.12,120579,8487,11547,714,498,2204183.87,55+,Bangalore,15,Website Traffic,7.04,5.87,4.41,5785.81
CAMP_1796,Google Ads,88087.55,312004,19227,34250,2029,1306,4362046.59,55+,Coimbatore,9,Lead Generation,6.16,6.79,4.58,4851.94
CAMP_1797,Facebook,58567.37,344787,12625,16862,455,205,849814.94,18-24,Mumbai,10,Website Traffic,3.66,1.62,4.64,1351.0
CAMP_1798,Google Ads,54062.21,151846,6747,13113,392,327,453654.65,35-44,Chennai,30,Sales,4.44,4.85,8.01,739.13
CAMP_1799,Google Ads,74062.9,252638,13508,34427,1032,582,2262802.69,45-54,Hyderabad,15,Brand Awareness,5.35,4.31,5.48,2955.24
CAMP_1800,Google Ads,60084.25,214306,11659,19031,952,603,1131458.59,35-44,Mumbai,13,Brand Awareness,5.44,5.17,5.15,1783.12
CAMP_1801,LinkedIn,20438.99,40894,816,1978,38,27,70236.53,35-44,Mumbai,11,Sales,2.0,3.31,25.05,243.64
CAMP_1802,Facebook,69048.77,428395,10400,15532,261,171,551936.28,55+,Delhi,27,Sales,2.43,1.64,6.64,699.34
CAMP_1803,Instagram,17679.54,102044,2320,5285,136,69,286540.23,35-44,Mumbai,26,Sales,2.27,2.97,7.62,1520.74
CAMP_1804,Instagram,81556.48,443658,15164,40410,690,517,2160841.66,35-44,Chennai,18,Lead Generation,3.42,3.41,5.38,2549.5
CAMP_1805,Instagram,99024.98,473048,14139,24295,716,290,357154.88,45-54,Bangalore,12,Website Traffic,2.99,2.05,7.0,260.67
CAMP_1806,YouTube,40851.82,165295,3177,8389,108,69,152655.58,55+,Chennai,13,Website Traffic,1.92,2.17,12.86,273.68
CAMP_1807,Facebook,47251.81,265371,6504,13064,209,102,383053.94,35-44,Bangalore,14,Website Traffic,2.45,1.57,7.27,710.67
CAMP_1808,Google Ads,9411.2,26963,1516,2588,153,101,346567.84,25-34,Mumbai,30,Sales,5.62,6.66,6.21,3582.5
CAMP_1809,Google Ads,6304.65,19839,880,2318,68,31,30840.93,18-24,Mumbai,16,Website Traffic,4.44,3.52,7.16,389.18
CAMP_1810,Google Ads,92534.84,314566,16696,20891,923,679,1710809.66,45-54,Hyderabad,21,Sales,5.31,4.07,5.54,1748.83
CAMP_1811,Facebook,17219.29,95933,2285,2844,122,57,221462.74,35-44,Bangalore,14,Lead Generation,2.38,2.49,7.54,1186.13
CAMP_1812,YouTube,47348.98,201691,3771,8144,89,71,252452.14,25-34,Mumbai,20,Brand Awareness,1.87,1.88,12.56,433.17
CAMP_1813,Google Ads,82458.69,234802,13737,33996,1024,800,1906127.4,35-44,Delhi,23,Sales,5.85,5.82,6.0,2211.61
CAMP_1814,Google Ads,89485.28,286094,17580,42235,1281,680,2411674.43,35-44,Coimbatore,19,Sales,6.14,3.87,5.09,2595.05
CAMP_1815,Google Ads,54342.78,158655,8245,10942,834,453,1306614.42,55+,Hyderabad,5,Brand Awareness,5.2,5.49,6.59,2304.39
CAMP_1816,LinkedIn,58678.09,119852,2533,6891,188,132,552481.3,55+,Chennai,3,Brand Awareness,2.11,5.21,23.17,841.55
CAMP_1817,Instagram,68619.98,332515,8777,20406,308,122,367666.25,55+,Hyderabad,21,Lead Generation,2.64,1.39,7.82,435.8
CAMP_1818,YouTube,96331.33,485500,7406,20134,195,76,178040.87,25-34,Coimbatore,6,Website Traffic,1.53,1.03,13.01,84.82
CAMP_1819,Facebook,62253.65,457239,9723,16787,420,176,705146.51,35-44,Bangalore,25,Sales,2.13,1.81,6.4,1032.7
CAMP_1820,Instagram,58150.15,325232,8393,19390,426,269,290392.99,18-24,Chennai,30,Website Traffic,2.58,3.21,6.93,399.38
CAMP_1821,Google Ads,6380.74,22310,937,2414,62,26,107687.8,45-54,Chennai,18,Sales,4.2,2.77,6.81,1587.7
CAMP_1822,Google Ads,12690.22,37858,2840,5137,170,83,282768.43,55+,Bangalore,14,Lead Generation,7.5,2.92,4.47,2128.24
CAMP_1823,Facebook,59831.3,373919,7548,20710,498,335,1435870.67,55+,Hyderabad,23,Brand Awareness,2.02,4.44,7.93,2299.87
CAMP_1824,YouTube,93942.84,449261,11026,17906,581,208,374778.05,35-44,Mumbai,23,Lead Generation,2.45,1.89,8.52,298.94
CAMP_1825,Facebook,87335.68,513020,14300,24381,879,387,1316464.45,35-44,Hyderabad,15,Brand Awareness,2.79,2.71,6.11,1407.36
CAMP_1826,Facebook,98345.0,606816,17678,47245,414,337,1285340.84,25-34,Coimbatore,19,Website Traffic,2.91,1.91,5.56,1206.97
CAMP_1827,Google Ads,55144.23,168426,7753,21332,585,399,1367600.15,25-34,Delhi,10,Website Traffic,4.6,5.15,7.11,2380.04
CAMP_1828,LinkedIn,79853.44,183666,3500,5797,231,116,192235.35,55+,Mumbai,15,Lead Generation,1.91,3.31,22.82,140.74
CAMP_1829,YouTube,84838.03,387542,6800,9644,267,99,187320.12,35-44,Hyderabad,22,Brand Awareness,1.75,1.46,12.48,120.8
CAMP_1830,Instagram,66563.01,348275,12996,31379,453,291,855619.28,18-24,Delhi,28,Lead Generation,3.73,2.24,5.12,1185.43
CAMP_1831,LinkedIn,37181.24,80636,1714,4606,91,42,105348.69,45-54,Delhi,7,Brand Awareness,2.13,2.45,21.69,183.34
CAMP_1832,Facebook,49647.95,337972,9233,19954,560,465,1649086.17,35-44,Bangalore,20,Brand Awareness,2.73,5.04,5.38,3221.56
CAMP_1833,Facebook,86502.12,564377,15605,34569,783,543,1228937.2,35-44,Coimbatore,17,Website Traffic,2.76,3.48,5.54,1320.7
CAMP_1834,Facebook,33362.05,216217,6526,15798,366,306,1222203.74,25-34,Coimbatore,14,Website Traffic,3.02,4.69,5.11,3563.46
CAMP_1835,YouTube,92755.6,497710,11170,16140,334,259,635822.59,45-54,Coimbatore,19,Brand Awareness,2.24,2.32,8.3,585.48
CAMP_1836,Facebook,26831.6,152525,5058,13948,166,98,102326.56,55+,Mumbai,27,Brand Awareness,3.32,1.94,5.3,281.37
CAMP_1837,Google Ads,76204.06,251659,16322,29101,1389,951,915347.65,35-44,Chennai,17,Brand Awareness,6.49,5.83,4.67,1101.18
CAMP_1838,Instagram,64903.13,362154,11529,25424,428,324,1045960.55,55+,Mumbai,4,Website Traffic,3.18,2.81,5.63,1511.57
CAMP_1839,LinkedIn,76211.95,174018,2863,5582,230,147,418360.71,35-44,Hyderabad,8,Website Traffic,1.65,5.13,26.62,448.94
CAMP_1840,Google Ads,46548.02,147584,9303,18132,790,301,859018.1,55+,Delhi,19,Sales,6.3,3.24,5.0,1745.44
CAMP_1841,Instagram,93600.9,490822,15264,35480,979,573,2145330.6,45-54,Delhi,18,Brand Awareness,3.11,3.75,6.13,2192.0
CAMP_1842,Instagram,65084.86,331642,10830,30232,517,215,484307.46,25-34,Chennai,19,Sales,3.27,1.99,6.01,644.12
CAMP_1843,Instagram,32388.1,179931,6307,14219,236,167,748762.73,45-54,Hyderabad,27,Brand Awareness,3.51,2.65,5.14,2211.85
CAMP_1844,Facebook,65653.23,384657,12662,31281,537,371,1596750.0,18-24,Chennai,22,Website Traffic,3.29,2.93,5.19,2332.1
CAMP_1845,LinkedIn,32247.5,69542,1311,1631,51,43,40706.48,25-34,Delhi,11,Sales,1.89,3.28,24.6,26.23
CAMP_1846,Google Ads,32895.08,109361,5379,13430,344,229,944550.34,45-54,Mumbai,29,Sales,4.92,4.26,6.12,2771.4
CAMP_1847,Google Ads,42961.86,121079,8813,14805,397,298,998293.66,18-24,Coimbatore,7,Lead Generation,7.28,3.38,4.87,2223.67
CAMP_1848,Google Ads,85980.89,264569,18560,26035,1989,963,2607346.78,35-44,Delhi,25,Brand Awareness,7.02,5.19,4.63,2932.47
CAMP_1849,YouTube,52528.3,258908,4441,6135,177,92,275805.96,35-44,Bangalore,3,Website Traffic,1.72,2.07,11.83,425.06
CAMP_1850,Facebook,69495.58,416724,9753,22313,643,520,2043956.98,55+,Coimbatore,8,Lead Generation,2.34,5.33,7.13,2841.13
CAMP_1851,Instagram,42236.94,262234,7204,20144,308,224,968516.55,25-34,Delhi,26,Lead Generation,2.75,3.11,5.86,2193.06
CAMP_1852,YouTube,30042.52,119615,2896,6562,141,96,280051.3,35-44,Mumbai,16,Brand Awareness,2.42,3.31,10.37,832.18
CAMP_1853,YouTube,95690.82,498267,13920,22547,460,219,340030.18,25-34,Chennai,19,Lead Generation,2.79,1.57,6.87,255.34
CAMP_1854,YouTube,62340.22,283772,5416,8261,166,116,371561.26,35-44,Coimbatore,27,Brand Awareness,1.91,2.14,11.51,496.02
CAMP_1855,LinkedIn,93725.38,186140,3453,7049,237,188,220785.0,55+,Mumbai,21,Lead Generation,1.86,5.44,27.14,135.57
CAMP_1856,Google Ads,24324.24,81080,3855,5027,240,112,356887.94,45-54,Hyderabad,3,Brand Awareness,4.75,2.91,6.31,1367.21
CAMP_1857,YouTube,18954.95,89128,2444,4494,101,71,270581.18,55+,Bangalore,3,Website Traffic,2.74,2.91,7.76,1327.5
CAMP_1858,Instagram,86303.18,532477,19569,44343,886,485,1053416.69,18-24,Coimbatore,15,Brand Awareness,3.68,2.48,4.41,1120.6
CAMP_1859,YouTube,69687.14,277835,4968,13653,193,79,91344.85,35-44,Chennai,16,Brand Awareness,1.79,1.59,14.03,31.08
CAMP_1860,Facebook,22724.96,129576,2255,4242,119,87,295105.22,18-24,Hyderabad,29,Sales,1.74,3.86,10.08,1198.6
CAMP_1861,YouTube,30589.17,147607,3679,5593,175,76,161240.35,18-24,Mumbai,8,Website Traffic,2.49,2.07,8.31,427.12
CAMP_1862,Facebook,81063.07,609981,15319,38417,460,219,393487.8,25-34,Bangalore,29,Website Traffic,2.51,1.43,5.29,385.41
CAMP_1863,Google Ads,48117.52,157287,9963,23819,452,335,1132653.2,35-44,Chennai,8,Website Traffic,6.33,3.36,4.83,2253.93
CAMP_1864,Facebook,68701.35,454462,13398,34507,962,694,3047014.83,18-24,Mumbai,3,Lead Generation,2.95,5.18,5.13,4335.16
CAMP_1865,LinkedIn,35243.44,73549,887,1369,41,20,71663.21,45-54,Mumbai,16,Sales,1.21,2.25,39.73,103.34
CAMP_1866,LinkedIn,41216.85,90261,1389,2566,42,34,90741.24,18-24,Coimbatore,5,Website Traffic,1.54,2.45,29.67,120.16
CAMP_1867,Google Ads,99117.69,294384,15159,41998,1541,705,2158596.21,45-54,Coimbatore,25,Lead Generation,5.15,4.65,6.54,2077.81
CAMP_1868,Google Ads,28523.62,92718,4479,6507,363,307,433546.65,25-34,Chennai,12,Lead Generation,4.83,6.85,6.37,1419.96
CAMP_1869,Google Ads,53113.36,178322,10013,22773,649,467,1787474.18,18-24,Delhi,21,Lead Generation,5.62,4.66,5.3,3265.39
CAMP_1870,Facebook,85218.22,540527,16228,25632,563,308,947242.31,55+,Delhi,21,Sales,3.0,1.9,5.25,1011.55
CAMP_1871,YouTube,27726.21,134048,3722,7445,93,39,170702.59,25-34,Mumbai,21,Lead Generation,2.78,1.05,7.45,515.67
CAMP_1872,Google Ads,44445.31,138572,8269,20514,574,293,1296859.06,45-54,Coimbatore,30,Sales,5.97,3.54,5.37,2817.88
CAMP_1873,Instagram,63433.67,389755,15820,31351,884,395,859722.28,25-34,Bangalore,25,Brand Awareness,4.06,2.5,4.01,1255.31
CAMP_1874,YouTube,50712.87,214625,4120,10254,215,142,633144.68,18-24,Bangalore,6,Lead Generation,1.92,3.45,12.31,1148.49
CAMP_1875,Facebook,48652.72,338524,11467,21582,559,295,1281657.21,35-44,Mumbai,22,Website Traffic,3.39,2.57,4.24,2534.3
CAMP_1876,Facebook,39438.42,232368,6060,16962,379,189,605441.67,35-44,Coimbatore,21,Lead Generation,2.61,3.12,6.51,1435.16
CAMP_1877,Facebook,60731.4,380069,8885,16858,373,272,571328.37,45-54,Chennai,12,Brand Awareness,2.34,3.06,6.84,840.75
CAMP_1878,Instagram,64315.41,323169,8556,12312,553,257,928290.37,45-54,Chennai,29,Brand Awareness,2.65,3.0,7.52,1343.34
CAMP_1879,Instagram,67062.51,387650,6506,11991,322,207,388425.98,35-44,Chennai,27,Lead Generation,1.68,3.18,10.31,479.2
CAMP_1880,Facebook,11684.97,73799,2384,5693,152,68,215385.79,45-54,Bangalore,4,Brand Awareness,3.23,2.85,4.9,1743.27
CAMP_1881,Facebook,64948.25,429913,9242,23629,303,214,211537.68,25-34,Coimbatore,6,Sales,2.15,2.32,7.03,225.7
CAMP_1882,YouTube,95557.53,374106,9848,19067,457,303,958358.11,55+,Coimbatore,26,Sales,2.63,3.08,9.7,902.91
CAMP_1883,Facebook,56393.69,356235,9662,20785,411,308,1332343.27,55+,Bangalore,8,Lead Generation,2.71,3.19,5.84,2262.58
CAMP_1884,YouTube,72950.37,342296,5176,13208,228,88,153693.32,25-34,Chennai,9,Sales,1.51,1.7,14.09,110.68
CAMP_1885,Google Ads,57889.57,166598,7319,18310,359,163,603335.72,55+,Chennai,18,Sales,4.39,2.23,7.91,942.22
CAMP_1886,Instagram,86200.36,499311,16526,37222,868,371,725796.49,18-24,Mumbai,9,Website Traffic,3.31,2.24,5.22,741.99
CAMP_1887,Google Ads,93310.39,238007,8661,21688,840,374,1289648.9,25-34,Delhi,20,Lead Generation,3.64,4.32,10.77,1282.11
CAMP_1888,Google Ads,22500.89,69597,4234,8982,403,162,554023.89,45-54,Hyderabad,22,Brand Awareness,6.08,3.83,5.31,2362.23
CAMP_1889,Facebook,46501.7,323477,6585,7951,316,199,311446.12,25-34,Delhi,28,Lead Generation,2.04,3.02,7.06,569.75
CAMP_1890,LinkedIn,42276.3,92922,1450,1836,83,54,164681.67,35-44,Coimbatore,28,Sales,1.56,3.72,29.16,289.54
CAMP_1891,Google Ads,43495.44,128104,7298,20199,564,435,1736958.58,45-54,Coimbatore,24,Website Traffic,5.7,5.96,5.96,3893.43
CAMP_1892,Instagram,16924.8,93540,3245,4647,203,113,257314.45,35-44,Coimbatore,21,Lead Generation,3.47,3.48,5.22,1420.34
CAMP_1893,YouTube,82293.49,377026,9054,16725,336,207,715598.38,45-54,Delhi,11,Lead Generation,2.4,2.29,9.09,769.57
CAMP_1894,Google Ads,8397.79,28125,1183,3187,69,58,193020.99,55+,Hyderabad,22,Sales,4.21,4.9,7.1,2198.47
CAMP_1895,Facebook,55181.53,348468,9215,13934,304,187,341658.43,25-34,Mumbai,12,Sales,2.64,2.03,5.99,519.15
CAMP_1896,Facebook,67878.45,450103,15082,38460,625,398,1674432.49,18-24,Delhi,15,Lead Generation,3.35,2.64,4.5,2366.81
CAMP_1897,Facebook,24709.6,155572,4114,10323,129,109,319222.14,45-54,Hyderabad,20,Sales,2.64,2.65,6.01,1191.9
CAMP_1898,Google Ads,91055.77,267492,15491,43036,1318,1116,2431823.78,45-54,Chennai,18,Sales,5.79,7.2,5.88,2570.7
CAMP_1899,Instagram,84662.17,417597,13754,22704,850,478,713027.89,35-44,Chennai,24,Sales,3.29,3.48,6.16,742.2
CAMP_1900,YouTube,49752.95,232874,6036,10288,247,165,429734.26,55+,Coimbatore,19,Sales,2.59,2.73,8.24,763.74
CAMP_1901,Facebook,44059.15,220929,5667,14987,144,85,299914.71,35-44,Bangalore,24,Sales,2.57,1.5,7.77,580.71
CAMP_1902,Google Ads,27473.95,73732,3041,4788,233,166,522087.43,35-44,Coimbatore,15,Website Traffic,4.12,5.46,9.03,1800.3
CAMP_1903,YouTube,74349.36,300154,5205,10809,124,102,358773.7,55+,Bangalore,14,Sales,1.73,1.96,14.28,382.55
CAMP_1904,Google Ads,17515.66,57866,3291,7674,188,95,356282.18,18-24,Hyderabad,12,Brand Awareness,5.69,2.89,5.32,1934.08
CAMP_1905,Facebook,69622.59,383280,7700,12590,372,283,703995.66,35-44,Chennai,3,Lead Generation,2.01,3.68,9.04,911.16
CAMP_1906,Google Ads,85033.41,275724,13679,36953,1273,862,2389979.7,35-44,Delhi,10,Website Traffic,4.96,6.3,6.22,2710.64
CAMP_1907,LinkedIn,26704.8,54445,993,2249,34,17,75669.03,45-54,Bangalore,23,Website Traffic,1.82,1.71,26.89,183.35
CAMP_1908,Instagram,87310.6,479375,13223,16865,581,435,1907468.49,55+,Hyderabad,24,Sales,2.76,3.29,6.6,2084.69
CAMP_1909,Instagram,8165.7,45138,1529,2167,90,51,122060.42,25-34,Chennai,20,Lead Generation,3.39,3.34,5.34,1394.79
CAMP_1910,Google Ads,91714.8,282907,17589,26476,1197,491,1653023.33,18-24,Delhi,4,Brand Awareness,6.22,2.79,5.21,1702.35
CAMP_1911,Instagram,16244.41,85578,2963,4717,156,132,245958.85,18-24,Bangalore,18,Sales,3.46,4.45,5.48,1414.11
CAMP_1912,YouTube,66347.12,263787,3996,9467,156,88,127574.58,55+,Coimbatore,14,Lead Generation,1.51,2.2,16.6,92.28
CAMP_1913,LinkedIn,28757.83,64043,1169,1569,122,76,278634.57,45-54,Coimbatore,11,Sales,1.83,6.5,24.6,868.9
CAMP_1914,Instagram,84472.48,490228,16132,28408,609,459,1133843.78,45-54,Coimbatore,5,Sales,3.29,2.85,5.24,1242.26
CAMP_1915,Instagram,53668.53,314359,9370,24907,298,247,379735.35,55+,Hyderabad,24,Sales,2.98,2.64,5.73,607.56
CAMP_1916,Facebook,17847.91,112279,3321,6943,128,101,366817.1,45-54,Coimbatore,28,Sales,2.96,3.04,5.37,1955.24
CAMP_1917,YouTube,59244.2,274841,6060,9846,289,177,742446.55,18-24,Mumbai,23,Sales,2.2,2.92,9.78,1153.2
CAMP_1918,Facebook,43748.85,256563,7066,19299,425,265,1128842.92,18-24,Chennai,30,Sales,2.75,3.75,6.19,2480.28
CAMP_1919,Instagram,67837.54,390427,10235,16283,1114,546,1663553.54,25-34,Hyderabad,6,Sales,2.62,5.33,6.63,2352.26
CAMP_1920,Instagram,88780.81,509510,16226,42969,632,367,964001.86,55+,Delhi,28,Brand Awareness,3.18,2.26,5.47,985.82
CAMP_1921,Facebook,43891.97,267789,10018,23655,404,333,469769.66,35-44,Coimbatore,4,Website Traffic,3.74,3.32,4.38,970.29
CAMP_1922,Google Ads,32538.66,102074,5218,12444,232,166,623171.19,35-44,Chennai,10,Brand Awareness,5.11,3.18,6.24,1815.17
CAMP_1923,Facebook,6378.93,39783,1324,3209,60,21,90366.43,25-34,Bangalore,12,Sales,3.33,1.59,4.82,1316.64
CAMP_1924,Instagram,59609.71,343260,11061,22238,725,296,1214209.02,25-34,Coimbatore,18,Sales,3.22,2.68,5.39,1936.93
CAMP_1925,YouTube,43216.1,172176,3095,7748,113,92,331790.68,45-54,Chennai,25,Brand Awareness,1.8,2.97,13.96,667.75
CAMP_1926,Google Ads,40591.68,110981,5778,14664,416,322,295096.23,25-34,Mumbai,13,Brand Awareness,5.21,5.57,7.03,626.99
CAMP_1927,Facebook,22378.86,122952,3432,6098,120,71,168121.12,25-34,Bangalore,20,Website Traffic,2.79,2.07,6.52,651.25
CAMP_1928,Instagram,45855.26,245687,8789,16177,370,244,580371.33,35-44,Mumbai,24,Brand Awareness,3.58,2.78,5.22,1165.66
CAMP_1929,Facebook,98521.99,638191,25525,66927,1221,604,2488314.29,45-54,Delhi,16,Website Traffic,4.0,2.37,3.86,2425.64
CAMP_1930,Google Ads,33286.64,85330,4739,9666,255,190,215905.09,25-34,Chennai,10,Sales,5.55,4.01,7.02,548.62
CAMP_1931,Facebook,61971.92,390237,8506,22006,276,180,506232.23,25-34,Mumbai,25,Lead Generation,2.18,2.12,7.29,716.87
CAMP_1932,Facebook,78766.25,539303,10603,23357,517,361,501820.27,45-54,Delhi,17,Lead Generation,1.97,3.4,7.43,537.1
CAMP_1933,Facebook,76169.99,486465,12587,27058,573,308,1011551.49,55+,Chennai,19,Lead Generation,2.59,2.45,6.05,1228.02
CAMP_1934,Facebook,36233.56,189884,4237,5294,181,102,382716.22,45-54,Chennai,23,Lead Generation,2.23,2.41,8.55,956.25
CAMP_1935,Facebook,63031.71,410370,12644,20795,836,379,1216989.15,35-44,Mumbai,20,Sales,3.08,3.0,4.99,1830.76
CAMP_1936,YouTube,87770.15,406688,9409,18849,138,114,428697.74,55+,Chennai,8,Lead Generation,2.31,1.21,9.33,388.43
CAMP_1937,Google Ads,6467.51,19657,1053,2253,84,69,213002.08,18-24,Coimbatore,25,Brand Awareness,5.36,6.55,6.14,3193.42
CAMP_1938,YouTube,46394.76,213952,5025,11099,186,141,223262.33,45-54,Chennai,16,Brand Awareness,2.35,2.81,9.23,381.22
CAMP_1939,Instagram,26305.97,129824,4203,9860,217,177,403133.19,35-44,Hyderabad,25,Lead Generation,3.24,4.21,6.26,1432.48
CAMP_1940,Google Ads,41920.07,131535,9666,21748,779,532,2311395.16,55+,Delhi,5,Brand Awareness,7.35,5.5,4.34,5413.82
CAMP_1941,Google Ads,44519.01,144449,8840,22610,645,301,583166.34,45-54,Chennai,9,Website Traffic,6.12,3.4,5.04,1209.93
CAMP_1942,Instagram,75933.74,398469,14807,24768,1015,741,834591.7,25-34,Hyderabad,17,Sales,3.72,5.0,5.13,999.11
CAMP_1943,YouTube,13913.08,60859,945,2104,26,13,29710.04,45-54,Chennai,23,Lead Generation,1.55,1.38,14.72,113.54
CAMP_1944,Facebook,53695.47,320357,7079,9074,244,139,308400.08,18-24,Chennai,26,Lead Generation,2.21,1.96,7.59,474.35
CAMP_1945,YouTube,58598.51,256229,5845,11505,171,83,215228.27,45-54,Mumbai,30,Sales,2.28,1.42,10.03,267.29
CAMP_1946,Instagram,51944.97,269418,6217,10127,258,145,422978.39,55+,Coimbatore,18,Brand Awareness,2.31,2.33,8.36,714.28
CAMP_1947,Instagram,74527.96,388518,11035,19967,645,445,1990362.07,55+,Delhi,18,Sales,2.84,4.03,6.75,2570.62
CAMP_1948,Google Ads,41460.17,134912,8995,15898,465,188,681019.13,45-54,Coimbatore,10,Sales,6.67,2.09,4.61,1542.59
CAMP_1949,Instagram,94771.87,453107,12814,16616,898,362,372572.84,55+,Bangalore,9,Brand Awareness,2.83,2.83,7.4,293.13
CAMP_1950,Instagram,50771.33,286192,7164,13946,372,257,890701.45,25-34,Mumbai,8,Sales,2.5,3.59,7.09,1654.34
CAMP_1951,Google Ads,59265.32,192822,11880,33162,754,558,2157916.74,45-54,Mumbai,4,Brand Awareness,6.16,4.7,4.99,3541.11
CAMP_1952,Google Ads,83425.43,232492,17560,29471,1472,921,3798453.28,25-34,Coimbatore,24,Brand Awareness,7.55,5.24,4.75,4453.11
CAMP_1953,Facebook,31147.43,193479,4629,11007,232,102,247495.04,25-34,Mumbai,15,Sales,2.39,2.2,6.73,694.59
CAMP_1954,Facebook,12144.19,70336,2403,4990,77,44,89278.29,35-44,Coimbatore,14,Website Traffic,3.42,1.83,5.05,635.15
CAMP_1955,LinkedIn,72239.48,175126,2623,4513,145,106,415686.34,45-54,Mumbai,17,Brand Awareness,1.5,4.04,27.54,475.43
CAMP_1956,LinkedIn,50886.13,111220,1961,2634,147,102,377340.38,55+,Chennai,29,Sales,1.76,5.2,25.95,641.54
CAMP_1957,Facebook,90167.9,629963,17419,26919,937,379,1072476.32,25-34,Coimbatore,11,Brand Awareness,2.77,2.18,5.18,1089.42
CAMP_1958,Instagram,98354.6,604215,16613,40718,580,484,640998.96,35-44,Coimbatore,4,Website Traffic,2.75,2.91,5.92,551.72
CAMP_1959,Facebook,42915.39,274816,8907,14665,348,161,522660.87,45-54,Hyderabad,19,Website Traffic,3.24,1.81,4.82,1117.89
CAMP_1960,YouTube,44466.71,236768,3594,5143,104,48,54547.36,45-54,Mumbai,29,Lead Generation,1.52,1.34,12.37,22.67
CAMP_1961,Google Ads,43756.45,119516,6804,11771,461,267,336772.57,18-24,Mumbai,7,Brand Awareness,5.69,3.92,6.43,669.65
CAMP_1962,Instagram,35832.64,222089,8481,18102,420,216,451894.65,18-24,Coimbatore,13,Brand Awareness,3.82,2.55,4.23,1161.13
CAMP_1963,YouTube,79260.27,352548,8459,19672,328,276,617199.97,25-34,Chennai,24,Sales,2.4,3.26,9.37,678.7
CAMP_1964,Instagram,77104.6,424017,14768,26875,986,383,981669.8,18-24,Chennai,21,Brand Awareness,3.48,2.59,5.22,1173.17
CAMP_1965,Facebook,50471.26,303806,10934,21836,321,162,343588.17,25-34,Delhi,26,Lead Generation,3.6,1.48,4.62,580.76
CAMP_1966,Facebook,9242.82,51066,1373,2647,34,18,18389.47,55+,Chennai,9,Website Traffic,2.69,1.31,6.73,98.96
CAMP_1967,Google Ads,34408.13,112425,4486,5448,234,140,205337.5,25-34,Mumbai,4,Website Traffic,3.99,3.12,7.67,496.77
CAMP_1968,Instagram,32768.79,163979,5375,9852,354,127,166929.19,18-24,Hyderabad,18,Lead Generation,3.28,2.36,6.1,409.42
CAMP_1969,Instagram,82053.29,434299,13583,29064,432,169,414432.1,55+,Coimbatore,14,Brand Awareness,3.13,1.24,6.04,405.08
CAMP_1970,Google Ads,13319.68,39803,1355,2862,129,62,103147.18,18-24,Bangalore,25,Brand Awareness,3.4,4.58,9.83,674.4
CAMP_1971,Google Ads,81539.16,275104,12066,28954,967,606,1185798.41,25-34,Hyderabad,17,Lead Generation,4.39,5.02,6.76,1354.27
CAMP_1972,YouTube,68572.45,309856,5040,11454,181,133,345486.5,35-44,Bangalore,3,Sales,1.63,2.64,13.61,403.83
CAMP_1973,Google Ads,74581.94,187504,8801,14459,646,448,783114.17,45-54,Hyderabad,27,Website Traffic,4.69,5.09,8.47,950.01
CAMP_1974,Instagram,46060.25,237486,7119,11455,459,291,519535.33,18-24,Chennai,15,Lead Generation,3.0,4.09,6.47,1027.95
CAMP_1975,Instagram,69573.95,338218,10213,19840,468,257,1002124.99,25-34,Mumbai,25,Lead Generation,3.02,2.52,6.81,1340.37
CAMP_1976,LinkedIn,62857.75,145299,2249,5336,179,141,405108.89,55+,Bangalore,8,Brand Awareness,1.55,6.27,27.95,544.49
CAMP_1977,Google Ads,78053.12,220834,9404,12697,533,309,1231159.21,18-24,Hyderabad,15,Website Traffic,4.26,3.29,8.3,1477.34
CAMP_1978,Instagram,47443.13,250798,8571,23290,338,169,465137.57,18-24,Mumbai,20,Brand Awareness,3.42,1.97,5.54,880.41
CAMP_1979,YouTube,49918.43,258674,5546,11475,324,215,897270.52,45-54,Bangalore,5,Lead Generation,2.14,3.88,9.0,1697.47
CAMP_1980,YouTube,66139.74,315950,6810,11511,182,127,230768.08,25-34,Coimbatore,3,Sales,2.16,1.86,9.71,248.91
CAMP_1981,Google Ads,15267.36,43265,3142,7256,107,59,184080.72,35-44,Hyderabad,17,Website Traffic,7.26,1.88,4.86,1105.71
CAMP_1982,YouTube,46443.22,225039,4864,6185,107,39,105753.74,55+,Coimbatore,28,Lead Generation,2.16,0.8,9.55,127.71
CAMP_1983,Instagram,97335.33,509698,15234,30088,765,304,1279015.35,25-34,Chennai,15,Lead Generation,2.99,2.0,6.39,1214.03
CAMP_1984,Instagram,8567.47,50729,1592,3148,86,66,158830.75,55+,Coimbatore,7,Sales,3.14,4.15,5.38,1753.88
CAMP_1985,Google Ads,35020.45,105829,5924,8644,511,193,767631.59,18-24,Coimbatore,27,Lead Generation,5.6,3.26,5.91,2091.95
CAMP_1986,Google Ads,34840.43,100514,6141,15597,278,180,527409.82,45-54,Delhi,15,Lead Generation,6.11,2.93,5.67,1413.79
CAMP_1987,Facebook,65179.09,373037,10361,25642,512,226,779870.55,45-54,Hyderabad,24,Website Traffic,2.78,2.18,6.29,1096.5
CAMP_1988,Instagram,15051.03,85541,1780,2571,81,38,155526.98,35-44,Chennai,7,Website Traffic,2.08,2.13,8.46,933.33
CAMP_1989,Instagram,64711.68,385769,11374,20270,456,222,996527.61,45-54,Coimbatore,30,Website Traffic,2.95,1.95,5.69,1439.95
CAMP_1990,Facebook,14028.82,90292,2529,3441,105,39,137751.99,18-24,Mumbai,21,Brand Awareness,2.8,1.54,5.55,881.92
CAMP_1991,YouTube,14020.6,61524,1595,4080,20,9,18290.51,35-44,Bangalore,23,Sales,2.59,0.56,8.79,30.45
CAMP_1992,Google Ads,74177.42,198474,9372,16095,614,415,820223.92,25-34,Coimbatore,26,Website Traffic,4.72,4.43,7.91,1005.76
CAMP_1993,Facebook,35792.84,212263,4194,7981,187,112,225430.66,45-54,Chennai,30,Brand Awareness,1.98,2.67,8.53,529.82
CAMP_1994,Google Ads,97855.18,275168,15310,26306,1120,839,1050822.29,35-44,Coimbatore,20,Brand Awareness,5.56,5.48,6.39,973.85
CAMP_1995,YouTube,8548.53,43111,1046,1774,30,11,12022.52,18-24,Bangalore,23,Sales,2.43,1.05,8.17,40.64
CAMP_1996,Facebook,47285.13,286111,7444,17833,274,218,652045.49,55+,Chennai,24,Sales,2.6,2.93,6.35,1278.97
CAMP_1997,LinkedIn,15747.91,35836,922,2209,47,40,152724.75,55+,Hyderabad,12,Lead Generation,2.57,4.34,17.08,869.81
CAMP_1998,Google Ads,38381.0,116643,8895,18043,544,195,200866.45,18-24,Chennai,26,Brand Awareness,7.63,2.19,4.31,423.35
CAMP_1999,Google Ads,99831.13,322696,17517,39452,1252,1044,3069238.34,18-24,Hyderabad,10,Website Traffic,5.43,5.96,5.7,2974.43
CAMP_2000,Instagram,89440.04,525437,17379,35082,1051,492,1101263.3,55+,Chennai,17,Sales,3.31,2.83,5.15,1131.29
